Time_in_sec,Latitude,Longitude,Altitude,Nbsat_max_qualitysignal,Nbsat_locked,valid_data
1322934989.21655703,-0.00003271,0.00002905,-28298.33007812,0,0,0
1322935655.96961355,-0.00001990,0.00003176,-50823.17187500,0,0,0
1322935656.00967097,-0.00001994,0.00003172,-50825.10546875,0,0,0
1322935656.06966662,-0.00001994,0.00003172,-50826.64843750,0,0,0
1322935656.12158394,-0.00001994,0.00003172,-50828.96484375,0,0,0
1322935656.16965890,-0.00001990,0.00003176,-50830.89843750,0,0,0
1322935656.20964885,-0.00001994,0.00003172,-50832.82812500,0,0,0
1322935656.26963162,-0.00001994,0.00003172,-50834.37500000,0,0,0
1322935656.30964828,-0.00001993,0.00003172,-50836.69140625,0,0,0
1322935656.36868501,-0.00001993,0.00003172,-50838.23437500,0,0,0
1322935656.40965915,-0.00001993,0.00003172,-50840.55468750,0,0,0
1322935656.46966815,-0.00001993,0.00003172,-50842.09765625,0,0,0
1322935656.50964284,-0.00001993,0.00003172,-50844.41796875,0,0,0
1322935656.56868339,-0.00001993,0.00003172,-50845.96093750,0,0,0
1322935656.60963845,-0.00001993,0.00003172,-50848.28125000,0,0,0
1322935656.66869736,-0.00001993,0.00003172,-50849.82421875,0,0,0
1322935656.70964789,-0.00001993,0.00003172,-50852.14453125,0,0,0
1322935656.76870060,-0.00001993,0.00003172,-50853.68750000,0,0,0
1322935656.81656027,-0.00001993,0.00003172,-50856.00781250,0,0,0
1322935656.86852479,-0.00001989,0.00003176,-50857.94140625,0,0,0
1322935656.90869045,-0.00001993,0.00003172,-50859.87109375,0,0,0
1322935656.96964455,-0.00001993,0.00003172,-50861.41796875,0,0,0
1322935657.01759124,-0.00001992,0.00003172,-50863.73437500,0,0,0
1322935657.06853580,-0.00001988,0.00003176,-50865.66796875,0,0,0
1322935657.11763263,-0.00001992,0.00003172,-50867.59765625,0,0,0
1322935657.16959500,-0.00001988,0.00003176,-50869.53125000,0,0,0
1322935657.20964670,-0.00001992,0.00003172,-50871.46484375,0,0,0
1322935657.26694822,-0.00001992,0.00003172,-50873.00781250,0,0,0
1322935657.31764317,-0.00001992,0.00003172,-50875.32812500,0,0,0
1322935657.36682177,-0.00001988,0.00003176,-50877.26171875,0,0,0
1322935657.41668630,-0.00001992,0.00003172,-50879.19140625,0,0,0
1322935657.46964383,-0.00001988,0.00003176,-50881.12500000,0,0,0
1322935657.50964737,-0.00001992,0.00003172,-50883.05859375,0,0,0
1322935657.56869006,-0.00001992,0.00003172,-50884.60156250,0,0,0
1322935657.60961890,-0.00001992,0.00003172,-50886.92187500,0,0,0
1322935657.66854668,-0.00001991,0.00003172,-50888.46875000,0,0,0
1322935657.71669674,-0.00001991,0.00003172,-50890.78515625,0,0,0
1322935657.76967025,-0.00001987,0.00003176,-50892.71875000,0,0,0
1322935657.81752133,-0.00001991,0.00003172,-50894.65234375,0,0,0
1322935657.86863470,-0.00001987,0.00003176,-50896.58593750,0,0,0
1322935657.91769052,-0.00001991,0.00003172,-50898.51562500,0,0,0
1322935657.96868658,-0.00001987,0.00003176,-50900.44921875,0,0,0
1322935658.01764894,-0.00001991,0.00003172,-50902.38281250,0,0,0
1322935658.06863832,-0.00001987,0.00003176,-50904.31640625,0,0,0
1322935658.11707497,-0.00001991,0.00003172,-50906.25000000,0,0,0
1322935658.16964340,-0.00001987,0.00003176,-50908.18359375,0,0,0
1322935658.21668434,-0.00001991,0.00003172,-50910.11328125,0,0,0
1322935658.26855850,-0.00001987,0.00003176,-50912.04687500,0,0,0
1322935658.31669903,-0.00001991,0.00003172,-50913.98046875,0,0,0
1322935658.35763621,-0.00001986,0.00003176,-50915.91406250,0,0,0
1322935658.41668773,-0.00001986,0.00003176,-50917.46093750,0,0,0
1322935658.46964169,-0.00001986,0.00003176,-50919.78125000,0,0,0
1322935658.50865626,-0.00001990,0.00003172,-50921.71093750,0,0,0
1322935658.56864953,-0.00001990,0.00003172,-50923.25781250,0,0,0
1322935658.61764860,-0.00001990,0.00003172,-50925.57812500,0,0,0
1322935658.66966629,-0.00001986,0.00003176,-50927.51171875,0,0,0
1322935658.71763301,-0.00001990,0.00003172,-50929.44531250,0,0,0
1322935658.75764871,-0.00001986,0.00003176,-50931.37890625,0,0,0
1322935658.80868602,-0.00001986,0.00003176,-50932.92578125,0,0,0
1322935658.86854959,-0.00001990,0.00003172,-50934.85937500,0,0,0
1322935658.91662788,-0.00001990,0.00003172,-50937.17968750,0,0,0
1322935658.96867490,-0.00001986,0.00003176,-50939.11328125,0,0,0
1322935659.01754141,-0.00001990,0.00003172,-50941.04687500,0,0,0
1322935659.05763030,-0.00001986,0.00003176,-50942.98046875,0,0,0
1322935659.11667156,-0.00001985,0.00003176,-50944.52734375,0,0,0
1322935659.16963959,-0.00001985,0.00003176,-50946.84765625,0,0,0
1322935659.20965624,-0.00001989,0.00003172,-50948.78125000,0,0,0
1322935659.26962137,-0.00001989,0.00003172,-50950.32812500,0,0,0
1322935659.31761861,-0.00001989,0.00003172,-50952.64843750,0,0,0
1322935659.36860228,-0.00001985,0.00003176,-50954.58203125,0,0,0
1322935659.41666293,-0.00001989,0.00003172,-50956.51562500,0,0,0
1322935659.46854472,-0.00001985,0.00003176,-50958.44921875,0,0,0
1322935659.51661515,-0.00001989,0.00003172,-50960.38281250,0,0,0
1322935659.55665660,-0.00001985,0.00003176,-50962.32031250,0,0,0
1322935659.61660028,-0.00001985,0.00003176,-50963.86718750,0,0,0
1322935659.66960478,-0.00001985,0.00003176,-50966.18750000,0,0,0
1322935659.71760082,-0.00001989,0.00003172,-50968.12109375,0,0,0
1322935659.76860762,-0.00001985,0.00003176,-50970.05468750,0,0,0
1322935659.81665683,-0.00001989,0.00003172,-50971.98828125,0,0,0
1322935659.86860108,-0.00001984,0.00003176,-50973.92187500,0,0,0
1322935659.91663790,-0.00001989,0.00003172,-50975.85937500,0,0,0
1322935659.96959758,-0.00001984,0.00003176,-50977.79296875,0,0,0
1322935660.01662254,-0.00001988,0.00003172,-50979.72656250,0,0,0
1322935660.06852293,-0.00001984,0.00003176,-50981.66015625,0,0,0
1322935660.11759257,-0.00001988,0.00003172,-50983.59375000,0,0,0
1322935660.16858435,-0.00001984,0.00003176,-50985.53125000,0,0,0
1322935660.21759057,-0.00001988,0.00003172,-50987.46484375,0,0,0
1322935660.26859260,-0.00001984,0.00003176,-50989.39843750,0,0,0
1322935660.31652546,-0.00001988,0.00003172,-50991.33203125,0,0,0
1322935660.36859488,-0.00001984,0.00003176,-50993.26953125,0,0,0
1322935660.41663551,-0.00001988,0.00003172,-50995.20312500,0,0,0
1322935660.46858430,-0.00001984,0.00003176,-50997.13671875,0,0,0
1322935660.51663208,-0.00001988,0.00003172,-50999.07421875,0,0,0
1322935660.56862497,-0.00001984,0.00003176,-51001.00781250,0,0,0
1322935660.61656690,-0.00001988,0.00003172,-51002.94140625,0,0,0
1322935660.66851735,-0.00001983,0.00003176,-51004.87890625,0,0,0
1322935660.71758342,-0.00001987,0.00003172,-51006.81250000,0,0,0
1322935660.76857448,-0.00001983,0.00003176,-51008.74609375,0,0,0
1322935660.81661391,-0.00001987,0.00003172,-51010.68359375,0,0,0
1322935660.86854959,-0.00001983,0.00003176,-51012.61718750,0,0,0
1322935660.91649652,-0.00001987,0.00003172,-51014.55078125,0,0,0
1322935660.96959209,-0.00001983,0.00003176,-51016.48828125,0,0,0
1322935661.01768661,-0.00001987,0.00003172,-51018.42187500,0,0,0
1322935661.06856608,-0.00001983,0.00003176,-51020.35937500,0,0,0
1322935661.11656284,-0.00001987,0.00003172,-51022.29296875,0,0,0
1322935661.16854692,-0.00001983,0.00003176,-51024.23046875,0,0,0
1322935661.21664095,-0.00001987,0.00003172,-51026.16406250,0,0,0
1322935661.26981759,-0.00001983,0.00003176,-51028.10156250,0,0,0
1322935661.31757760,-0.00001987,0.00003172,-51030.03515625,0,0,0
1322935661.36960077,-0.00001982,0.00003176,-51031.97265625,0,0,0
1322935661.41761065,-0.00001987,0.00003172,-51033.90625000,0,0,0
1322935661.46967316,-0.00001982,0.00003176,-51035.83984375,0,0,0
1322935661.51753950,-0.00001987,0.00003172,-51037.77734375,0,0,0
1322935661.56855202,-0.00001982,0.00003176,-51039.71484375,0,0,0
1322935661.61659050,-0.00001986,0.00003172,-51041.64843750,0,0,0
1322935661.66858363,-0.00001982,0.00003176,-51043.58593750,0,0,0
1322935661.71658111,-0.00001986,0.00003172,-51045.51953125,0,0,0
1322935661.76857972,-0.00001982,0.00003176,-51047.45703125,0,0,0
1322935661.81754231,-0.00001986,0.00003172,-51049.39062500,0,0,0
1322935661.86674976,-0.00001982,0.00003176,-51051.32812500,0,0,0
1322935661.91758895,-0.00001986,0.00003172,-51053.26171875,0,0,0
1322935661.96853280,-0.00001982,0.00003176,-51055.19921875,0,0,0
1322935662.01751852,-0.00001986,0.00003172,-51057.13671875,0,0,0
1322935662.06853986,-0.00001982,0.00003175,-51059.07031250,0,0,0
1322935662.11650801,-0.00001986,0.00003172,-51061.00781250,0,0,0
1322935662.16858053,-0.00001981,0.00003175,-51062.94531250,0,0,0
1322935662.21657467,-0.00001986,0.00003172,-51064.87890625,0,0,0
1322935662.26853108,-0.00001981,0.00003175,-51066.81640625,0,0,0
1322935662.31757069,-0.00001986,0.00003172,-51068.75000000,0,0,0
1322935662.36853695,-0.00001981,0.00003175,-51070.68750000,0,0,0
1322935662.41655588,-0.00001985,0.00003172,-51072.62500000,0,0,0
1322935662.46853399,-0.00001981,0.00003175,-51074.56250000,0,0,0
1322935662.51656222,-0.00001985,0.00003172,-51076.49609375,0,0,0
1322935662.56853104,-0.00001981,0.00003175,-51078.43359375,0,0,0
1322935662.61756110,-0.00001985,0.00003172,-51080.37109375,0,0,0
1322935662.66853309,-0.00001981,0.00003175,-51082.30859375,0,0,0
1322935662.71757936,-0.00001985,0.00003172,-51084.24218750,0,0,0
1322935662.76854253,-0.00001981,0.00003175,-51086.17968750,0,0,0
1322935662.81656408,-0.00001985,0.00003172,-51088.11718750,0,0,0
1322935662.86851788,-0.00001981,0.00003175,-51090.05468750,0,0,0
1322935662.91655064,-0.00001985,0.00003172,-51091.98828125,0,0,0
1322935662.96955466,-0.00001980,0.00003175,-51093.92578125,0,0,0
1322935663.01656294,-0.00001985,0.00003172,-51095.86328125,0,0,0
1322935663.06887293,-0.00001980,0.00003175,-51097.80078125,0,0,0
1322935663.11656761,-0.00001985,0.00003172,-51099.73828125,0,0,0
1322935663.16853547,-0.00001980,0.00003175,-51101.67187500,0,0,0
1322935663.21655560,-0.00001985,0.00003172,-51103.60937500,0,0,0
1322935663.26957440,-0.00001980,0.00003175,-51105.54687500,0,0,0
1322935663.31655836,-0.00001985,0.00003172,-51107.48437500,0,0,0
1322935663.36954975,-0.00001980,0.00003175,-51109.42187500,0,0,0
1322935663.41656804,-0.00001984,0.00003172,-51111.35937500,0,0,0
1322935663.46860623,-0.00001980,0.00003175,-51113.29687500,0,0,0
1322935663.51759028,-0.00001984,0.00003172,-51115.23046875,0,0,0
1322935663.56853247,-0.00001980,0.00003175,-51117.16796875,0,0,0
1322935663.61655593,-0.00001984,0.00003172,-51119.10546875,0,0,0
1322935663.67025161,-0.00001980,0.00003175,-51121.04296875,0,0,0
1322935663.71656370,-0.00001984,0.00003172,-51122.98046875,0,0,0
1322935663.76956630,-0.00001980,0.00003175,-51124.91796875,0,0,0
1322935663.81763721,-0.00001984,0.00003172,-51126.85546875,0,0,0
1322935663.86959505,-0.00001979,0.00003175,-51128.79296875,0,0,0
1322935663.91764045,-0.00001984,0.00003172,-51130.73046875,0,0,0
1322935663.96853852,-0.00001979,0.00003175,-51132.66796875,0,0,0
1322935664.01656294,-0.00001984,0.00003172,-51134.60546875,0,0,0
1322935664.06855989,-0.00001979,0.00003175,-51136.54296875,0,0,0
1322935664.11655045,-0.00001984,0.00003172,-51138.48046875,0,0,0
1322935664.16854024,-0.00001979,0.00003175,-51140.41796875,0,0,0
1322935664.21655560,-0.00001984,0.00003172,-51142.35546875,0,0,0
1322935664.27001262,-0.00001979,0.00003175,-51144.29296875,0,0,0
1322935664.30966306,-0.00001984,0.00003172,-51146.23046875,0,0,0
1322935664.36956024,-0.00001984,0.00003172,-51147.78125000,0,0,0
1322935664.41656160,-0.00001983,0.00003172,-51150.10546875,0,0,0
1322935664.46956968,-0.00001979,0.00003175,-51152.04687500,0,0,0
1322935664.51652527,-0.00001983,0.00003172,-51153.98437500,0,0,0
1322935664.56856585,-0.00001979,0.00003175,-51155.92187500,0,0,0
1322935664.61656380,-0.00001983,0.00003172,-51157.85937500,0,0,0
1322935664.66957569,-0.00001979,0.00003175,-51159.79687500,0,0,0
1322935664.71768832,-0.00001983,0.00003172,-51161.73437500,0,0,0
1322935664.76956630,-0.00001978,0.00003175,-51163.67187500,0,0,0
1322935664.81761146,-0.00001983,0.00003172,-51165.60937500,0,0,0
1322935664.87001395,-0.00001978,0.00003174,-51167.55078125,0,0,0
1322935664.91652322,-0.00001983,0.00003172,-51169.48828125,0,0,0
1322935664.96957850,-0.00001978,0.00003174,-51171.42578125,0,0,0
1322935665.01761007,-0.00001983,0.00003172,-51173.36328125,0,0,0
1322935665.05761981,-0.00001978,0.00003174,-51175.30078125,0,0,0
1322935665.11770892,-0.00001978,0.00003174,-51176.85156250,0,0,0
1322935665.16961169,-0.00001978,0.00003174,-51179.17968750,0,0,0
1322935665.21656752,-0.00001983,0.00003172,-51181.11718750,0,0,0
1322935665.26960158,-0.00001978,0.00003174,-51183.05468750,0,0,0
1322935665.31670833,-0.00001983,0.00003172,-51184.99609375,0,0,0
1322935665.36964226,-0.00001978,0.00003174,-51186.93359375,0,0,0
1322935665.41655612,-0.00001983,0.00003172,-51188.87109375,0,0,0
1322935665.46926022,-0.00001978,0.00003174,-51190.80859375,0,0,0
1322935665.51656628,-0.00001982,0.00003172,-51192.75000000,0,0,0
1322935665.56965423,-0.00001977,0.00003174,-51194.68750000,0,0,0
1322935665.61764383,-0.00001982,0.00003172,-51196.62500000,0,0,0
1322935665.66967559,-0.00001977,0.00003174,-51198.56640625,0,0,0
1322935665.71653533,-0.00001982,0.00003172,-51200.50390625,0,0,0
1322935665.76854563,-0.00001977,0.00003174,-51202.44531250,0,0,0
1322935665.80951738,-0.00001982,0.00003172,-51204.38281250,0,0,0
1322935665.86956692,-0.00001982,0.00003172,-51205.93359375,0,0,0
1322935665.91653490,-0.00001982,0.00003172,-51208.26171875,0,0,0
1322935665.96855569,-0.00001977,0.00003174,-51210.19921875,0,0,0
1322935666.01655555,-0.00001982,0.00003171,-51212.13671875,0,0,0
1322935666.06855083,-0.00001977,0.00003174,-51214.07812500,0,0,0
1322935666.11656260,-0.00001982,0.00003171,-51216.01562500,0,0,0
1322935666.16965127,-0.00001977,0.00003174,-51217.95703125,0,0,0
1322935666.21764088,-0.00001982,0.00003171,-51219.89453125,0,0,0
1322935666.26863384,-0.00001977,0.00003174,-51221.83593750,0,0,0
1322935666.31653070,-0.00001982,0.00003171,-51223.77343750,0,0,0
1322935666.36852908,-0.00001977,0.00003174,-51225.71484375,0,0,0
1322935666.41656685,-0.00001982,0.00003171,-51227.65234375,0,0,0
1322935666.46965265,-0.00001976,0.00003174,-51229.59375000,0,0,0
1322935666.51655912,-0.00001982,0.00003171,-51231.53125000,0,0,0
1322935666.56850934,-0.00001976,0.00003174,-51233.47265625,0,0,0
1322935666.61669946,-0.00001981,0.00003171,-51235.41015625,0,0,0
1322935666.66967201,-0.00001976,0.00003174,-51237.35156250,0,0,0
1322935666.71656442,-0.00001981,0.00003171,-51239.28906250,0,0,0
1322935666.76964283,-0.00001976,0.00003173,-51241.23046875,0,0,0
1322935666.81757212,-0.00001981,0.00003171,-51243.16796875,0,0,0
1322935666.86965728,-0.00001976,0.00003173,-51245.10937500,0,0,0
1322935666.91655636,-0.00001981,0.00003171,-51247.04687500,0,0,0
1322935666.96965456,-0.00001976,0.00003173,-51248.98828125,0,0,0
1322935667.01656222,-0.00001981,0.00003171,-51250.92968750,0,0,0
1322935667.06851459,-0.00001976,0.00003173,-51252.86718750,0,0,0
1322935667.11664581,-0.00001981,0.00003171,-51254.80859375,0,0,0
1322935667.16935110,-0.00001976,0.00003173,-51256.75000000,0,0,0
1322935667.21663737,-0.00001981,0.00003171,-51258.68750000,0,0,0
1322935667.26973581,-0.00001976,0.00003173,-51260.62890625,0,0,0
1322935667.31663990,-0.00001981,0.00003171,-51262.57031250,0,0,0
1322935667.36965036,-0.00001975,0.00003173,-51264.50781250,0,0,0
1322935667.41764522,-0.00001981,0.00003171,-51266.44921875,0,0,0
1322935667.46064591,-0.00001975,0.00003173,-51268.39062500,0,0,0
1322935667.51663685,-0.00001975,0.00003173,-51269.94140625,0,0,0
1322935667.55771303,-0.00001975,0.00003173,-51272.26953125,0,0,0
1322935667.61664200,-0.00001975,0.00003173,-51273.82031250,0,0,0
1322935667.66864181,-0.00001975,0.00003173,-51276.15234375,0,0,0
1322935667.71768427,-0.00001980,0.00003171,-51278.08984375,0,0,0
1322935667.76863837,-0.00001975,0.00003173,-51280.03125000,0,0,0
1322935667.81764245,-0.00001980,0.00003171,-51281.97265625,0,0,0
1322935667.86864328,-0.00001975,0.00003173,-51283.91406250,0,0,0
1322935667.90963960,-0.00001980,0.00003171,-51285.85156250,0,0,0
1322935667.96964097,-0.00001980,0.00003171,-51287.40625000,0,0,0
1322935668.01663423,-0.00001980,0.00003171,-51289.73437500,0,0,0
1322935668.06964993,-0.00001975,0.00003173,-51291.67578125,0,0,0
1322935668.11767745,-0.00001980,0.00003170,-51293.61718750,0,0,0
1322935668.16163659,-0.00001974,0.00003173,-51295.55859375,0,0,0
1322935668.21664691,-0.00001974,0.00003173,-51297.10937500,0,0,0
1322935668.26641035,-0.00001974,0.00003172,-51299.43750000,0,0,0
1322935668.31766129,-0.00001980,0.00003170,-51301.37890625,0,0,0
1322935668.36966467,-0.00001974,0.00003172,-51303.32031250,0,0,0
1322935668.41667128,-0.00001979,0.00003170,-51305.26171875,0,0,0
1322935668.46966314,-0.00001974,0.00003172,-51307.20312500,0,0,0
1322935668.51664424,-0.00001979,0.00003170,-51309.14453125,0,0,0
1322935668.56855607,-0.00001974,0.00003172,-51311.08593750,0,0,0
1322935668.61765409,-0.00001979,0.00003170,-51313.02734375,0,0,0
1322935668.66965747,-0.00001974,0.00003172,-51314.96875000,0,0,0
1322935668.71764421,-0.00001979,0.00003170,-51316.91015625,0,0,0
1322935668.76864719,-0.00001974,0.00003172,-51318.85156250,0,0,0
1322935668.81765985,-0.00001979,0.00003170,-51320.78906250,0,0,0
1322935668.86163783,-0.00001974,0.00003172,-51322.73046875,0,0,0
1322935668.91662812,-0.00001974,0.00003172,-51324.28515625,0,0,0
1322935668.96952128,-0.00001973,0.00003172,-51326.61328125,0,0,0
1322935669.01663566,-0.00001979,0.00003170,-51328.55468750,0,0,0
1322935669.05766702,-0.00001973,0.00003172,-51330.50000000,0,0,0
1322935669.10964084,-0.00001973,0.00003172,-51332.05078125,0,0,0
1322935669.16864085,-0.00001979,0.00003170,-51333.99218750,0,0,0
1322935669.21764684,-0.00001978,0.00003170,-51336.32421875,0,0,0
1322935669.26964831,-0.00001973,0.00003172,-51338.26562500,0,0,0
1322935669.31653953,-0.00001978,0.00003170,-51340.20703125,0,0,0
1322935669.36860800,-0.00001973,0.00003172,-51342.14843750,0,0,0
1322935669.40964937,-0.00001978,0.00003170,-51344.08984375,0,0,0
1322935669.46893883,-0.00001978,0.00003170,-51345.64062500,0,0,0
1322935669.51763892,-0.00001978,0.00003170,-51347.97265625,0,0,0
1322935669.56854677,-0.00001973,0.00003172,-51349.91406250,0,0,0
1322935669.61663675,-0.00001978,0.00003170,-51351.85546875,0,0,0
1322935669.66062856,-0.00001973,0.00003172,-51353.79687500,0,0,0
1322935669.71664858,-0.00001973,0.00003172,-51355.35156250,0,0,0
1322935669.76643968,-0.00001973,0.00003172,-51357.68359375,0,0,0
1322935669.81664443,-0.00001978,0.00003170,-51359.62500000,0,0,0
1322935669.86863184,-0.00001972,0.00003171,-51361.56640625,0,0,0
1322935669.90864515,-0.00001978,0.00003169,-51363.50781250,0,0,0
1322935669.96063042,-0.00001978,0.00003169,-51365.06250000,0,0,0
1322935670.01656127,-0.00001972,0.00003171,-51367.00390625,0,0,0
1322935670.06872368,-0.00001972,0.00003171,-51369.33593750,0,0,0
1322935670.11763501,-0.00001977,0.00003169,-51371.27734375,0,0,0
1322935670.16863179,-0.00001972,0.00003171,-51373.21875000,0,0,0
1322935670.20965624,-0.00001977,0.00003169,-51375.16406250,0,0,0
1322935670.26972437,-0.00001977,0.00003169,-51376.71484375,0,0,0
1322935670.31766891,-0.00001977,0.00003169,-51379.04687500,0,0,0
1322935670.35826015,-0.00001972,0.00003171,-51380.99218750,0,0,0
1322935670.41763783,-0.00001972,0.00003171,-51382.54296875,0,0,0
1322935670.46863461,-0.00001972,0.00003171,-51384.87500000,0,0,0
1322935670.51655698,-0.00001977,0.00003169,-51386.81640625,0,0,0
1322935670.56864381,-0.00001972,0.00003171,-51388.76171875,0,0,0
1322935670.61664772,-0.00001977,0.00003169,-51390.70312500,0,0,0
1322935670.66163754,-0.00001971,0.00003171,-51392.64843750,0,0,0
1322935670.70963955,-0.00001971,0.00003171,-51394.20312500,0,0,0
1322935670.76965189,-0.00001977,0.00003169,-51396.14453125,0,0,0
1322935670.80870724,-0.00001977,0.00003169,-51398.47656250,0,0,0
1322935670.86853504,-0.00001977,0.00003169,-51400.03125000,0,0,0
1322935670.92051291,-0.00001977,0.00003169,-51402.36328125,0,0,0
1322935670.96914959,-0.00001971,0.00003171,-51404.30468750,0,0,0
1322935671.01765418,-0.00001976,0.00003169,-51406.24609375,0,0,0
1322935671.06964707,-0.00001971,0.00003171,-51408.19140625,0,0,0
1322935671.10967231,-0.00001976,0.00003169,-51410.13281250,0,0,0
1322935671.16064525,-0.00001976,0.00003169,-51411.68750000,0,0,0
1322935671.21766281,-0.00001971,0.00003171,-51413.63281250,0,0,0
1322935671.26063061,-0.00001971,0.00003170,-51415.96484375,0,0,0
1322935671.32063508,-0.00001971,0.00003170,-51417.51953125,0,0,0
1322935671.36165380,-0.00001971,0.00003170,-51419.85156250,0,0,0
1322935671.40943027,-0.00001971,0.00003170,-51421.40625000,0,0,0
1322935671.46063542,-0.00001976,0.00003169,-51423.34765625,0,0,0
1322935671.52063322,-0.00001970,0.00003170,-51425.29296875,0,0,0
1322935671.56153917,-0.00001970,0.00003170,-51427.62500000,0,0,0
1322935671.61664677,-0.00001970,0.00003170,-51429.17968750,0,0,0
1322935671.66863251,-0.00001970,0.00003170,-51431.51171875,0,0,0
1322935671.71663928,-0.00001976,0.00003168,-51433.45703125,0,0,0
1322935671.76864529,-0.00001970,0.00003170,-51435.39843750,0,0,0
1322935671.80964303,-0.00001976,0.00003168,-51437.34375000,0,0,0
1322935671.86863446,-0.00001975,0.00003168,-51438.89843750,0,0,0
1322935671.91728592,-0.00001975,0.00003168,-51441.23046875,0,0,0
1322935671.96853614,-0.00001970,0.00003170,-51443.17578125,0,0,0
1322935672.01663518,-0.00001975,0.00003168,-51445.11718750,0,0,0
1322935672.06177449,-0.00001970,0.00003170,-51447.06250000,0,0,0
1322935672.11664557,-0.00001970,0.00003170,-51448.61718750,0,0,0
1322935672.16863275,-0.00001970,0.00003170,-51450.94921875,0,0,0
1322935672.20863247,-0.00001975,0.00003168,-51452.89453125,0,0,0
1322935672.26692200,-0.00001975,0.00003168,-51454.44921875,0,0,0
1322935672.30864358,-0.00001975,0.00003168,-51456.78125000,0,0,0
1322935672.36689401,-0.00001975,0.00003168,-51458.33593750,0,0,0
1322935672.41768122,-0.00001975,0.00003168,-51460.67187500,0,0,0
1322935672.46864057,-0.00001969,0.00003170,-51462.61328125,0,0,0
1322935672.52062464,-0.00001975,0.00003168,-51464.55859375,0,0,0
1322935672.55810022,-0.00001969,0.00003170,-51466.50390625,0,0,0
1322935672.61763549,-0.00001969,0.00003170,-51468.05859375,0,0,0
1322935672.66864252,-0.00001969,0.00003169,-51470.39062500,0,0,0
1322935672.72062993,-0.00001975,0.00003168,-51472.33593750,0,0,0
1322935672.76966047,-0.00001969,0.00003169,-51474.28125000,0,0,0
1322935672.82163787,-0.00001974,0.00003168,-51476.22656250,0,0,0
1322935672.86965990,-0.00001969,0.00003169,-51478.16796875,0,0,0
1322935672.90874219,-0.00001974,0.00003168,-51480.11328125,0,0,0
1322935672.96864104,-0.00001974,0.00003168,-51481.66796875,0,0,0
1322935673.01766419,-0.00001974,0.00003168,-51484.00390625,0,0,0
1322935673.06965661,-0.00001969,0.00003169,-51485.94921875,0,0,0
1322935673.11767435,-0.00001974,0.00003167,-51487.89062500,0,0,0
1322935673.16863561,-0.00001969,0.00003169,-51489.83593750,0,0,0
1322935673.22064137,-0.00001974,0.00003167,-51491.78125000,0,0,0
1322935673.26965427,-0.00001968,0.00003169,-51493.72656250,0,0,0
1322935673.32055235,-0.00001974,0.00003167,-51495.67187500,0,0,0
1322935673.36851478,-0.00001968,0.00003169,-51497.61718750,0,0,0
1322935673.41764402,-0.00001974,0.00003167,-51499.56250000,0,0,0
1322935673.46863365,-0.00001968,0.00003169,-51501.50390625,0,0,0
1322935673.52166200,-0.00001974,0.00003167,-51503.44921875,0,0,0
1322935673.56969905,-0.00001968,0.00003169,-51505.39453125,0,0,0
1322935673.60901523,-0.00001974,0.00003167,-51507.33984375,0,0,0
1322935673.66164398,-0.00001973,0.00003167,-51508.89453125,0,0,0
1322935673.72063112,-0.00001968,0.00003169,-51510.83984375,0,0,0
1322935673.76962352,-0.00001968,0.00003169,-51513.17578125,0,0,0
1322935673.81751633,-0.00001973,0.00003167,-51515.12109375,0,0,0
1322935673.86966658,-0.00001968,0.00003169,-51517.06640625,0,0,0
1322935673.90969706,-0.00001973,0.00003167,-51519.01171875,0,0,0
1322935673.95763588,-0.00001973,0.00003167,-51520.56640625,0,0,0
1322935674.00968957,-0.00001968,0.00003168,-51522.51171875,0,0,0
1322935674.06866264,-0.00001973,0.00003167,-51524.45703125,0,0,0
1322935674.11764407,-0.00001973,0.00003167,-51526.79296875,0,0,0
1322935674.16967010,-0.00001967,0.00003168,-51528.73828125,0,0,0
1322935674.21766186,-0.00001973,0.00003167,-51530.68359375,0,0,0
1322935674.26964927,-0.00001967,0.00003168,-51532.62890625,0,0,0
1322935674.30966091,-0.00001973,0.00003167,-51534.57421875,0,0,0
1322935674.36052608,-0.00001973,0.00003167,-51536.12890625,0,0,0
1322935674.42087317,-0.00001967,0.00003168,-51538.07421875,0,0,0
1322935674.46166062,-0.00001967,0.00003168,-51540.41015625,0,0,0
1322935674.50852752,-0.00001967,0.00003168,-51541.96484375,0,0,0
1322935674.56965804,-0.00001972,0.00003167,-51543.91406250,0,0,0
1322935674.61763191,-0.00001972,0.00003166,-51546.24609375,0,0,0
1322935674.66864467,-0.00001967,0.00003168,-51548.19140625,0,0,0
1322935674.71767592,-0.00001972,0.00003166,-51550.13671875,0,0,0
1322935674.76062894,-0.00001967,0.00003168,-51552.08593750,0,0,0
1322935674.81766486,-0.00001967,0.00003168,-51553.64062500,0,0,0
1322935674.86863756,-0.00001967,0.00003168,-51555.97656250,0,0,0
1322935674.91764188,-0.00001972,0.00003166,-51557.92187500,0,0,0
1322935674.96964526,-0.00001966,0.00003168,-51559.86718750,0,0,0
1322935675.00967050,-0.00001972,0.00003166,-51561.81250000,0,0,0
1322935675.06864142,-0.00001972,0.00003166,-51563.37109375,0,0,0
1322935675.12052703,-0.00001972,0.00003166,-51565.70703125,0,0,0
1322935675.16864181,-0.00001966,0.00003167,-51567.65234375,0,0,0
1322935675.22063613,-0.00001972,0.00003166,-51569.59765625,0,0,0
1322935675.26167035,-0.00001966,0.00003167,-51571.54296875,0,0,0
1322935675.32073331,-0.00001966,0.00003167,-51573.10156250,0,0,0
1322935675.36864519,-0.00001966,0.00003167,-51575.43750000,0,0,0
1322935675.40863490,-0.00001971,0.00003166,-51577.38281250,0,0,0
1322935675.46965218,-0.00001971,0.00003166,-51578.94140625,0,0,0
1322935675.52063107,-0.00001971,0.00003166,-51581.27343750,0,0,0
1322935675.56130290,-0.00001966,0.00003167,-51583.22265625,0,0,0
1322935675.61761141,-0.00001966,0.00003167,-51584.77734375,0,0,0
1322935675.66966414,-0.00001966,0.00003167,-51587.11328125,0,0,0
1322935675.70863509,-0.00001971,0.00003166,-51589.06250000,0,0,0
1322935675.76072574,-0.00001971,0.00003166,-51590.61718750,0,0,0
1322935675.82164598,-0.00001965,0.00003167,-51592.56640625,0,0,0
1322935675.86096120,-0.00001965,0.00003167,-51594.90234375,0,0,0
1322935675.92064595,-0.00001965,0.00003167,-51596.45703125,0,0,0
1322935675.96066785,-0.00001965,0.00003167,-51598.79296875,0,0,0
1322935676.02064013,-0.00001965,0.00003167,-51600.35156250,0,0,0
1322935676.06086278,-0.00001965,0.00003167,-51602.68750000,0,0,0
1322935676.12077117,-0.00001965,0.00003167,-51604.24609375,0,0,0
1322935676.16863346,-0.00001965,0.00003167,-51606.58203125,0,0,0
1322935676.20942545,-0.00001970,0.00003165,-51608.52734375,0,0,0
1322935676.26936793,-0.00001970,0.00003165,-51610.08593750,0,0,0
1322935676.30967355,-0.00001970,0.00003165,-51612.42187500,0,0,0
1322935676.36162066,-0.00001970,0.00003165,-51613.98046875,0,0,0
1322935676.42111468,-0.00001965,0.00003166,-51615.92578125,0,0,0
1322935676.46863222,-0.00001965,0.00003166,-51618.26171875,0,0,0
1322935676.52069449,-0.00001970,0.00003165,-51620.21093750,0,0,0
1322935676.56155419,-0.00001965,0.00003166,-51622.15625000,0,0,0
1322935676.62063384,-0.00001965,0.00003166,-51623.71484375,0,0,0
1322935676.66863084,-0.00001965,0.00003166,-51626.05078125,0,0,0
1322935676.72071314,-0.00001970,0.00003165,-51628.00000000,0,0,0
1322935676.76863217,-0.00001964,0.00003166,-51629.94531250,0,0,0
1322935676.81767488,-0.00001970,0.00003165,-51631.89453125,0,0,0
1322935676.86864185,-0.00001964,0.00003166,-51633.83984375,0,0,0
1322935676.92153716,-0.00001970,0.00003165,-51635.78906250,0,0,0
1322935676.96863103,-0.00001964,0.00003166,-51637.73437500,0,0,0
1322935677.02053857,-0.00001969,0.00003165,-51639.68359375,0,0,0
1322935677.06174064,-0.00001964,0.00003166,-51641.62890625,0,0,0
1322935677.11814475,-0.00001964,0.00003166,-51643.18750000,0,0,0
1322935677.16965628,-0.00001964,0.00003166,-51645.52734375,0,0,0
1322935677.20967579,-0.00001969,0.00003165,-51647.47265625,0,0,0
1322935677.26063204,-0.00001969,0.00003165,-51649.03125000,0,0,0
1322935677.31691980,-0.00001964,0.00003166,-51650.98046875,0,0,0
1322935677.36855912,-0.00001964,0.00003166,-51653.31640625,0,0,0
1322935677.42054963,-0.00001969,0.00003165,-51655.26171875,0,0,0
1322935677.46864629,-0.00001964,0.00003166,-51657.21093750,0,0,0
1322935677.51718354,-0.00001969,0.00003165,-51659.16015625,0,0,0
1322935677.55763507,-0.00001964,0.00003166,-51661.10546875,0,0,0
1322935677.62065220,-0.00001963,0.00003166,-51662.66406250,0,0,0
1322935677.66965199,-0.00001963,0.00003165,-51665.00390625,0,0,0
1322935677.71742535,-0.00001969,0.00003164,-51666.94921875,0,0,0
1322935677.76689649,-0.00001963,0.00003165,-51668.89843750,0,0,0
1322935677.81759524,-0.00001968,0.00003164,-51670.84765625,0,0,0
1322935677.86856079,-0.00001963,0.00003165,-51672.79296875,0,0,0
1322935677.90902543,-0.00001968,0.00003164,-51674.74218750,0,0,0
1322935677.96863294,-0.00001968,0.00003164,-51676.30078125,0,0,0
1322935678.02165937,-0.00001968,0.00003164,-51678.64062500,0,0,0
1322935678.06851602,-0.00001963,0.00003165,-51680.58593750,0,0,0
1322935678.10965753,-0.00001968,0.00003164,-51682.53515625,0,0,0
1322935678.16053820,-0.00001968,0.00003164,-51684.09375000,0,0,0
1322935678.21769834,-0.00001963,0.00003165,-51686.04296875,0,0,0
1322935678.26064396,-0.00001963,0.00003165,-51688.37890625,0,0,0
1322935678.32164979,-0.00001963,0.00003165,-51689.93750000,0,0,0
1322935678.36964703,-0.00001963,0.00003165,-51692.27734375,0,0,0
1322935678.42160296,-0.00001968,0.00003164,-51694.22656250,0,0,0
1322935678.46964025,-0.00001963,0.00003165,-51696.17578125,0,0,0
1322935678.52063060,-0.00001968,0.00003164,-51698.12109375,0,0,0
1322935678.56850505,-0.00001962,0.00003165,-51700.07031250,0,0,0
1322935678.61769938,-0.00001968,0.00003164,-51702.01953125,0,0,0
1322935678.66063452,-0.00001962,0.00003165,-51703.96875000,0,0,0
1322935678.72063112,-0.00001962,0.00003165,-51705.52734375,0,0,0
1322935678.76965165,-0.00001962,0.00003165,-51707.86328125,0,0,0
1322935678.81763673,-0.00001967,0.00003164,-51709.81250000,0,0,0
1322935678.86964893,-0.00001962,0.00003164,-51711.76171875,0,0,0
1322935678.90864515,-0.00001967,0.00003164,-51713.71093750,0,0,0
1322935678.96063638,-0.00001967,0.00003163,-51715.26953125,0,0,0
1322935679.01766348,-0.00001962,0.00003164,-51717.21875000,0,0,0
1322935679.06850815,-0.00001962,0.00003164,-51719.55859375,0,0,0
1322935679.10963702,-0.00001967,0.00003163,-51721.50781250,0,0,0
1322935679.16964960,-0.00001967,0.00003163,-51723.06640625,0,0,0
1322935679.20966291,-0.00001967,0.00003163,-51725.40625000,0,0,0
1322935679.26064467,-0.00001967,0.00003163,-51726.96484375,0,0,0
1322935679.32156348,-0.00001962,0.00003164,-51728.91406250,0,0,0
1322935679.36864138,-0.00001962,0.00003164,-51731.25000000,0,0,0
1322935679.40963435,-0.00001967,0.00003163,-51733.19921875,0,0,0
1322935679.46863246,-0.00001967,0.00003163,-51734.76171875,0,0,0
1322935679.51763654,-0.00001967,0.00003163,-51737.09765625,0,0,0
1322935679.56064296,-0.00001961,0.00003164,-51739.04687500,0,0,0
1322935679.62155247,-0.00001961,0.00003164,-51740.60937500,0,0,0
1322935679.66965175,-0.00001961,0.00003164,-51742.94531250,0,0,0
1322935679.70966077,-0.00001966,0.00003163,-51744.89453125,0,0,0
1322935679.76053309,-0.00001966,0.00003163,-51746.45703125,0,0,0
1322935679.80966449,-0.00001961,0.00003164,-51748.40625000,0,0,0
1322935679.86967087,-0.00001966,0.00003163,-51750.35546875,0,0,0
1322935679.90875125,-0.00001966,0.00003163,-51752.69531250,0,0,0
1322935679.96965456,-0.00001966,0.00003163,-51754.25390625,0,0,0
1322935680.00965738,-0.00001966,0.00003163,-51756.59375000,0,0,0
1322935680.06065059,-0.00001966,0.00003163,-51758.15234375,0,0,0
1322935680.12166357,-0.00001961,0.00003163,-51760.10156250,0,0,0
1322935680.16063952,-0.00001961,0.00003163,-51762.44140625,0,0,0
1322935680.21765518,-0.00001961,0.00003163,-51764.00000000,0,0,0
1322935680.26964116,-0.00001961,0.00003163,-51766.33984375,0,0,0
1322935680.32135224,-0.00001966,0.00003163,-51768.28906250,0,0,0
1322935680.36165929,-0.00001961,0.00003163,-51770.23828125,0,0,0
1322935680.41763759,-0.00001961,0.00003163,-51771.80078125,0,0,0
1322935680.46864247,-0.00001961,0.00003163,-51774.14062500,0,0,0
1322935680.50863647,-0.00001965,0.00003162,-51776.08984375,0,0,0
1322935680.56051207,-0.00001965,0.00003162,-51777.64843750,0,0,0
1322935680.60855198,-0.00001960,0.00003163,-51779.59765625,0,0,0
1322935680.66964006,-0.00001965,0.00003162,-51781.54687500,0,0,0
1322935680.70970869,-0.00001965,0.00003162,-51783.88671875,0,0,0
1322935680.76056743,-0.00001965,0.00003162,-51785.44921875,0,0,0
1322935680.82063293,-0.00001960,0.00003163,-51787.39843750,0,0,0
1322935680.86052704,-0.00001960,0.00003163,-51789.73828125,0,0,0
1322935680.90976238,-0.00001960,0.00003163,-51791.29687500,0,0,0
1322935680.96964955,-0.00001965,0.00003162,-51793.25000000,0,0,0
1322935681.00968289,-0.00001965,0.00003162,-51795.58984375,0,0,0
1322935681.06070065,-0.00001965,0.00003162,-51797.14843750,0,0,0
1322935681.10850716,-0.00001960,0.00003163,-51799.09765625,0,0,0
1322935681.16864681,-0.00001965,0.00003162,-51801.05078125,0,0,0
1322935681.20963979,-0.00001965,0.00003162,-51803.39062500,0,0,0
1322935681.26863503,-0.00001965,0.00003162,-51804.94921875,0,0,0
1322935681.30971003,-0.00001965,0.00003162,-51807.28906250,0,0,0
1322935681.36851954,-0.00001965,0.00003162,-51808.85156250,0,0,0
1322935681.40964103,-0.00001965,0.00003162,-51811.19140625,0,0,0
1322935681.46851492,-0.00001964,0.00003162,-51812.75000000,0,0,0
1322935681.50867414,-0.00001964,0.00003162,-51815.09375000,0,0,0
1322935681.56057549,-0.00001964,0.00003162,-51816.65234375,0,0,0
1322935681.61691284,-0.00001959,0.00003162,-51818.60156250,0,0,0
1322935681.65795898,-0.00001959,0.00003162,-51820.94531250,0,0,0
1322935681.72169113,-0.00001959,0.00003162,-51822.50390625,0,0,0
1322935681.76878977,-0.00001959,0.00003162,-51824.84375000,0,0,0
1322935681.80863643,-0.00001964,0.00003161,-51826.79687500,0,0,0
1322935681.86064839,-0.00001964,0.00003161,-51828.35546875,0,0,0
1322935681.90864587,-0.00001959,0.00003162,-51830.30859375,0,0,0
1322935681.96169519,-0.00001964,0.00003161,-51832.25781250,0,0,0
1322935682.00863457,-0.00001959,0.00003162,-51834.21093750,0,0,0
1322935682.06169868,-0.00001964,0.00003161,-51836.16015625,0,0,0
1322935682.10863447,-0.00001959,0.00003162,-51838.10937500,0,0,0
1322935682.16057825,-0.00001964,0.00003161,-51840.06250000,0,0,0
1322935682.20865011,-0.00001959,0.00003162,-51842.01171875,0,0,0
1322935682.26856732,-0.00001964,0.00003161,-51843.96484375,0,0,0
1322935682.30968761,-0.00001964,0.00003161,-51846.30468750,0,0,0
1322935682.36954856,-0.00001964,0.00003161,-51847.86718750,0,0,0
1322935682.40970588,-0.00001963,0.00003161,-51850.20703125,0,0,0
1322935682.46856165,-0.00001963,0.00003161,-51851.76953125,0,0,0
1322935682.50957608,-0.00001963,0.00003161,-51854.10937500,0,0,0
1322935682.56906915,-0.00001963,0.00003161,-51855.67187500,0,0,0
1322935682.62063980,-0.00001963,0.00003161,-51858.01171875,0,0,0
1322935682.66056895,-0.00001958,0.00003161,-51859.96484375,0,0,0
1322935682.70863461,-0.00001958,0.00003161,-51861.52343750,0,0,0
1322935682.76165438,-0.00001963,0.00003161,-51863.47656250,0,0,0
1322935682.82064605,-0.00001958,0.00003161,-51865.42968750,0,0,0
1322935682.85771775,-0.00001958,0.00003161,-51867.76953125,0,0,0
1322935682.92169213,-0.00001958,0.00003161,-51869.33203125,0,0,0
1322935682.96972132,-0.00001958,0.00003161,-51871.67187500,0,0,0
1322935683.01769423,-0.00001963,0.00003160,-51873.62500000,0,0,0
1322935683.07022357,-0.00001958,0.00003161,-51875.57421875,0,0,0
1322935683.10980773,-0.00001963,0.00003160,-51877.52734375,0,0,0
1322935683.16974115,-0.00001963,0.00003160,-51879.08984375,0,0,0
1322935683.21772838,-0.00001963,0.00003160,-51881.42968750,0,0,0
1322935683.26969242,-0.00001958,0.00003161,-51883.38281250,0,0,0
1322935683.30858016,-0.00001963,0.00003160,-51885.33593750,0,0,0
1322935683.36970592,-0.00001963,0.00003160,-51886.89453125,0,0,0
1322935683.41768646,-0.00001962,0.00003160,-51889.23828125,0,0,0
1322935683.45772505,-0.00001958,0.00003161,-51891.19140625,0,0,0
1322935683.50971174,-0.00001958,0.00003161,-51892.75000000,0,0,0
1322935683.56972814,-0.00001962,0.00003160,-51894.70312500,0,0,0
1322935683.60964656,-0.00001962,0.00003160,-51897.04687500,0,0,0
1322935683.66971564,-0.00001962,0.00003160,-51898.60546875,0,0,0
1322935683.70970130,-0.00001962,0.00003160,-51900.94921875,0,0,0
1322935683.76868081,-0.00001962,0.00003160,-51902.51171875,0,0,0
1322935683.80970454,-0.00001962,0.00003160,-51904.85546875,0,0,0
1322935683.86173129,-0.00001962,0.00003160,-51906.41406250,0,0,0
1322935683.91664934,-0.00001957,0.00003160,-51908.36718750,0,0,0
1322935683.96958780,-0.00001957,0.00003160,-51910.71093750,0,0,0
1322935684.01664877,-0.00001962,0.00003160,-51912.66406250,0,0,0
1322935684.06168771,-0.00001957,0.00003160,-51914.61328125,0,0,0
1322935684.10969567,-0.00001957,0.00003160,-51916.17578125,0,0,0
1322935684.16168904,-0.00001962,0.00003160,-51918.12890625,0,0,0
1322935684.21678472,-0.00001957,0.00003160,-51920.08203125,0,0,0
1322935684.26970053,-0.00001957,0.00003160,-51922.42578125,0,0,0
1322935684.31666040,-0.00001962,0.00003160,-51924.37500000,0,0,0
1322935684.35771084,-0.00001957,0.00003160,-51926.32812500,0,0,0
1322935684.41759753,-0.00001957,0.00003160,-51927.89062500,0,0,0
1322935684.45668387,-0.00001957,0.00003160,-51930.23437500,0,0,0
1322935684.50867033,-0.00001957,0.00003160,-51931.79687500,0,0,0
1322935684.56868339,-0.00001961,0.00003159,-51933.75000000,0,0,0
1322935684.60878873,-0.00001961,0.00003159,-51936.08984375,0,0,0
1322935684.66857862,-0.00001961,0.00003159,-51937.65234375,0,0,0
1322935684.72067857,-0.00001961,0.00003159,-51939.99609375,0,0,0
1322935684.76068521,-0.00001957,0.00003160,-51941.94921875,0,0,0
1322935684.80874920,-0.00001956,0.00003160,-51943.51171875,0,0,0
1322935684.86967015,-0.00001961,0.00003159,-51945.46484375,0,0,0
1322935684.90971541,-0.00001961,0.00003159,-51947.80859375,0,0,0
1322935684.96869516,-0.00001961,0.00003159,-51949.37109375,0,0,0
1322935685.00913119,-0.00001961,0.00003159,-51951.71484375,0,0,0
1322935685.06856799,-0.00001961,0.00003159,-51953.27734375,0,0,0
1322935685.10975933,-0.00001961,0.00003159,-51955.62109375,0,0,0
1322935685.16965365,-0.00001961,0.00003159,-51957.18359375,0,0,0
1322935685.20965219,-0.00001961,0.00003159,-51959.52734375,0,0,0
1322935685.26869035,-0.00001961,0.00003159,-51961.08984375,0,0,0
1322935685.30974460,-0.00001961,0.00003159,-51963.43359375,0,0,0
1322935685.36684775,-0.00001961,0.00003159,-51964.99609375,0,0,0
1322935685.41668534,-0.00001960,0.00003159,-51967.33984375,0,0,0
1322935685.46851444,-0.00001956,0.00003159,-51969.29296875,0,0,0
1322935685.50875473,-0.00001960,0.00003159,-51971.24609375,0,0,0
1322935685.56852770,-0.00001960,0.00003159,-51972.80859375,0,0,0
1322935685.60971475,-0.00001960,0.00003159,-51975.15234375,0,0,0
1322935685.66863585,-0.00001960,0.00003159,-51976.71484375,0,0,0
1322935685.71668267,-0.00001960,0.00003159,-51979.05859375,0,0,0
1322935685.76882315,-0.00001956,0.00003159,-51981.01171875,0,0,0
1322935685.80966258,-0.00001960,0.00003158,-51982.96484375,0,0,0
1322935685.86956596,-0.00001960,0.00003158,-51984.52734375,0,0,0
1322935685.92050743,-0.00001960,0.00003158,-51986.87109375,0,0,0
1322935685.96853423,-0.00001955,0.00003159,-51988.82812500,0,0,0
1322935686.01669455,-0.00001960,0.00003158,-51990.78125000,0,0,0
1322935686.06854081,-0.00001955,0.00003159,-51992.73437500,0,0,0
1322935686.10853958,-0.00001960,0.00003158,-51994.68750000,0,0,0
1322935686.15669942,-0.00001960,0.00003158,-51996.25000000,0,0,0
1322935686.21765947,-0.00001955,0.00003159,-51998.20312500,0,0,0
1322935686.26860237,-0.00001955,0.00003158,-52000.54687500,0,0,0
1322935686.31764269,-0.00001960,0.00003158,-52002.50390625,0,0,0
1322935686.36863685,-0.00001955,0.00003158,-52004.45703125,0,0,0
1322935686.40951800,-0.00001960,0.00003158,-52006.41015625,0,0,0
1322935686.46965981,-0.00001960,0.00003158,-52007.97265625,0,0,0
1322935686.50966668,-0.00001959,0.00003158,-52010.31640625,0,0,0
1322935686.56859469,-0.00001959,0.00003158,-52011.87890625,0,0,0
1322935686.61669588,-0.00001959,0.00003158,-52014.22656250,0,0,0
1322935686.66863489,-0.00001955,0.00003158,-52016.17968750,0,0,0
1322935686.71669316,-0.00001959,0.00003158,-52018.13281250,0,0,0
1322935686.76865077,-0.00001955,0.00003158,-52020.08984375,0,0,0
1322935686.80902362,-0.00001959,0.00003158,-52022.04296875,0,0,0
1322935686.86963487,-0.00001959,0.00003158,-52023.60546875,0,0,0
1322935686.91658068,-0.00001959,0.00003158,-52025.94921875,0,0,0
1322935686.96964717,-0.00001955,0.00003158,-52027.90625000,0,0,0
1322935687.01667309,-0.00001959,0.00003158,-52029.85937500,0,0,0
1322935687.06856561,-0.00001955,0.00003158,-52031.81250000,0,0,0
1322935687.10954547,-0.00001959,0.00003158,-52033.76953125,0,0,0
1322935687.16856003,-0.00001959,0.00003158,-52035.33203125,0,0,0
1322935687.21668863,-0.00001959,0.00003157,-52037.67578125,0,0,0
1322935687.26955247,-0.00001954,0.00003158,-52039.63281250,0,0,0
1322935687.31754446,-0.00001959,0.00003157,-52041.58593750,0,0,0
1322935687.35765386,-0.00001954,0.00003158,-52043.53906250,0,0,0
1322935687.40869856,-0.00001954,0.00003158,-52045.10546875,0,0,0
1322935687.46860385,-0.00001959,0.00003157,-52047.05859375,0,0,0
1322935687.51665521,-0.00001959,0.00003157,-52049.40234375,0,0,0
1322935687.56685352,-0.00001954,0.00003157,-52051.35937500,0,0,0
1322935687.61764765,-0.00001958,0.00003157,-52053.31250000,0,0,0
1322935687.65767264,-0.00001954,0.00003157,-52055.26953125,0,0,0
1322935687.70869517,-0.00001954,0.00003157,-52056.83203125,0,0,0
1322935687.76870561,-0.00001958,0.00003157,-52058.78515625,0,0,0
1322935687.80967355,-0.00001958,0.00003157,-52061.13281250,0,0,0
1322935687.86957717,-0.00001958,0.00003157,-52062.69531250,0,0,0
1322935687.91656685,-0.00001958,0.00003157,-52065.04296875,0,0,0
1322935687.96856260,-0.00001954,0.00003157,-52066.99609375,0,0,0
1322935688.00961995,-0.00001958,0.00003157,-52068.95312500,0,0,0
1322935688.06856966,-0.00001958,0.00003157,-52070.51562500,0,0,0
1322935688.11656833,-0.00001958,0.00003157,-52072.86328125,0,0,0
1322935688.16685033,-0.00001954,0.00003157,-52074.81640625,0,0,0
1322935688.21668553,-0.00001958,0.00003157,-52076.77343750,0,0,0
1322935688.26868010,-0.00001954,0.00003157,-52078.72656250,0,0,0
1322935688.30867910,-0.00001958,0.00003157,-52080.68359375,0,0,0
1322935688.36664200,-0.00001958,0.00003157,-52082.24609375,0,0,0
1322935688.41677046,-0.00001958,0.00003156,-52084.59375000,0,0,0
1322935688.46915483,-0.00001953,0.00003157,-52086.55078125,0,0,0
1322935688.51667261,-0.00001958,0.00003156,-52088.50390625,0,0,0
1322935688.56958747,-0.00001953,0.00003157,-52090.46093750,0,0,0
1322935688.61667657,-0.00001958,0.00003156,-52092.41406250,0,0,0
1322935688.66955137,-0.00001953,0.00003157,-52094.37109375,0,0,0
1322935688.71667504,-0.00001957,0.00003156,-52096.32421875,0,0,0
1322935688.76661968,-0.00001953,0.00003156,-52098.28125000,0,0,0
1322935688.81765580,-0.00001957,0.00003156,-52100.23828125,0,0,0
1322935688.86863089,-0.00001953,0.00003156,-52102.19140625,0,0,0
1322935688.91668916,-0.00001957,0.00003156,-52104.14843750,0,0,0
1322935688.96861863,-0.00001953,0.00003156,-52106.10546875,0,0,0
1322935689.01667404,-0.00001957,0.00003156,-52108.05859375,0,0,0
1322935689.06867862,-0.00001953,0.00003156,-52110.01562500,0,0,0
1322935689.11663675,-0.00001957,0.00003156,-52111.97265625,0,0,0
1322935689.16869259,-0.00001953,0.00003156,-52113.92578125,0,0,0
1322935689.21757388,-0.00001957,0.00003156,-52115.88281250,0,0,0
1322935689.26859283,-0.00001953,0.00003156,-52117.83984375,0,0,0
1322935689.31666303,-0.00001957,0.00003156,-52119.79296875,0,0,0
1322935689.36953235,-0.00001953,0.00003156,-52121.75000000,0,0,0
1322935689.41663671,-0.00001957,0.00003156,-52123.70703125,0,0,0
1322935689.46960044,-0.00001953,0.00003156,-52125.66406250,0,0,0
1322935689.50966191,-0.00001957,0.00003156,-52127.61718750,0,0,0
1322935689.56852460,-0.00001957,0.00003155,-52129.18359375,0,0,0
1322935689.61664104,-0.00001957,0.00003155,-52131.53125000,0,0,0
1322935689.66859651,-0.00001952,0.00003156,-52133.48828125,0,0,0
1322935689.71663547,-0.00001956,0.00003155,-52135.44140625,0,0,0
1322935689.76953053,-0.00001952,0.00003156,-52137.39843750,0,0,0
1322935689.81663799,-0.00001956,0.00003155,-52139.35546875,0,0,0
1322935689.86959052,-0.00001952,0.00003156,-52141.31250000,0,0,0
1322935689.91753960,-0.00001956,0.00003155,-52143.26953125,0,0,0
1322935689.96857500,-0.00001952,0.00003156,-52145.22265625,0,0,0
1322935690.01652026,-0.00001956,0.00003155,-52147.17968750,0,0,0
1322935690.06858540,-0.00001952,0.00003156,-52149.13671875,0,0,0
1322935690.11663055,-0.00001956,0.00003155,-52151.09375000,0,0,0
1322935690.16857076,-0.00001952,0.00003155,-52153.05078125,0,0,0
1322935690.21657038,-0.00001956,0.00003155,-52155.00781250,0,0,0
1322935690.26673055,-0.00001952,0.00003155,-52156.96484375,0,0,0
1322935690.31651092,-0.00001956,0.00003155,-52158.91796875,0,0,0
1322935690.36958265,-0.00001952,0.00003155,-52160.87500000,0,0,0
1322935690.41759801,-0.00001956,0.00003155,-52162.83203125,0,0,0
1322935690.46850157,-0.00001952,0.00003155,-52164.78906250,0,0,0
1322935690.51755905,-0.00001956,0.00003155,-52166.74609375,0,0,0
1322935690.56855106,-0.00001952,0.00003155,-52168.70312500,0,0,0
1322935690.61755037,-0.00001956,0.00003155,-52170.66015625,0,0,0
1322935690.66855669,-0.00001952,0.00003155,-52172.61718750,0,0,0
1322935690.71761584,-0.00001955,0.00003154,-52174.57421875,0,0,0
1322935690.76854825,-0.00001952,0.00003155,-52176.53125000,0,0,0
1322935690.81753397,-0.00001955,0.00003154,-52178.48828125,0,0,0
1322935690.86951613,-0.00001952,0.00003155,-52180.44531250,0,0,0
1322935690.91651368,-0.00001955,0.00003154,-52182.39843750,0,0,0
1322935690.96855664,-0.00001951,0.00003155,-52184.35546875,0,0,0
1322935691.01760483,-0.00001955,0.00003154,-52186.31250000,0,0,0
1322935691.06854415,-0.00001951,0.00003155,-52188.26953125,0,0,0
1322935691.11657810,-0.00001955,0.00003154,-52190.22656250,0,0,0
1322935691.16854072,-0.00001951,0.00003155,-52192.18750000,0,0,0
1322935691.21657586,-0.00001955,0.00003154,-52194.14453125,0,0,0
1322935691.26959825,-0.00001951,0.00003155,-52196.10156250,0,0,0
1322935691.31657958,-0.00001955,0.00003154,-52198.05859375,0,0,0
1322935691.36852360,-0.00001951,0.00003155,-52200.01562500,0,0,0
