Time_in_sec,Mx,My,Mz
1322934741.26846600,0.07446242,0.10919137,-0.92381620
1322934741.31651521,0.07501811,0.10791929,-0.92377484
1322934741.36857176,0.07582881,0.10993353,-0.92361003
1322934741.41653967,0.07362074,0.11213664,-0.92615378
1322934741.46570706,0.07626022,0.11017735,-0.92318702
1322934741.51655221,0.07500310,0.10880687,-0.92391574
1322934741.56971192,0.07407311,0.10767563,-0.92369384
1322934741.61664796,0.07355262,0.10957289,-0.92307091
1322934741.66864729,0.07522791,0.11389288,-0.92634153
1322934741.71771169,0.07515866,0.10943356,-0.92351133
1322934741.76571321,0.07584182,0.10929911,-0.92347121
1322934741.81656218,0.07438523,0.10880245,-0.92288411
1322934741.86864996,0.07804569,0.10967358,-0.92521495
1322934741.91656041,0.07359269,0.11060084,-0.92454344
1322934741.96864462,0.07662010,0.10727520,-0.92434514
1322934742.01664138,0.07522078,0.10969898,-0.92471015
1322934742.06481552,0.07237881,0.10985403,-0.92447406
1322934742.11665320,0.07655420,0.11054931,-0.92277277
1322934742.16856289,0.07522981,0.10957087,-0.92457533
1322934742.21664238,0.07369186,0.10921615,-0.92532772
1322934742.26555896,0.07595009,0.10879738,-0.92399472
1322934742.31656122,0.07303580,0.10896626,-0.92496330
1322934742.36565137,0.07609549,0.10765661,-0.92397791
1322934742.41754055,0.07408141,0.11171840,-0.92305660
1322934742.46466422,0.07688609,0.11222694,-0.92610067
1322934742.51654482,0.07571030,0.10765672,-0.92359984
1322934742.56466031,0.07406906,0.10717086,-0.92382365
1322934742.61664534,0.07546150,0.10970198,-0.92522991
1322934742.66572094,0.07407101,0.10896442,-0.92583758
1322934742.71672010,0.07472426,0.10956948,-0.92393738
1322934742.76571679,0.07579752,0.10779095,-0.92439610
1322934742.81671095,0.07442324,0.10907248,-0.92448443
1322934742.86465645,0.07703352,0.10878631,-0.92406595
1322934742.91665316,0.07620503,0.11107261,-0.92399710
1322934742.96465683,0.07594398,0.10753468,-0.92425245
1322934743.01658869,0.07681491,0.10903186,-0.92314667
1322934743.06466961,0.07515049,0.10741295,-0.92389685
1322934743.11654997,0.07538026,0.10880829,-0.92442763
1322934743.16470504,0.07692219,0.10865670,-0.92367125
1322934743.21723819,0.07431390,0.10868970,-0.92408770
1322934743.26575899,0.07698526,0.11084225,-0.92688495
1322934743.31693316,0.07458378,0.10906629,-0.92407507
1322934743.36469817,0.07559805,0.10866477,-0.92308033
1322934743.41720915,0.07651196,0.10979908,-0.92356986
1322934743.46468496,0.07454758,0.10856766,-0.92474031
1322934743.51681900,0.07498610,0.10994760,-0.92405856
1322934743.56469750,0.07544155,0.10917572,-0.92335981
1322934743.61728859,0.07563506,0.10906137,-0.92468166
1322934743.66852593,0.07441203,0.10947830,-0.92688888
1322934743.71656156,0.07559997,0.10740054,-0.92320412
1322934743.76571202,0.07593515,0.11069603,-0.92400974
1322934743.81669927,0.07555875,0.10958152,-0.92589027
1322934743.86469531,0.07531316,0.10917576,-0.92323381
1322934743.91742802,0.07546662,0.11109125,-0.92497319
1322934743.96645093,0.07434504,0.10881013,-0.92355335
1322934744.01701713,0.07585876,0.10714731,-0.92345417
1322934744.06468654,0.07770754,0.10981560,-0.92630237
1322934744.11672664,0.07480344,0.10970524,-0.92486751
1322934744.16868806,0.07910617,0.10951599,-0.92341906
1322934744.21667814,0.07436506,0.11034746,-0.92529756
1322934744.26577806,0.07524781,0.10830356,-0.92443144
1322934744.31655312,0.07617780,0.10943480,-0.92465335
1322934744.36565566,0.07404707,0.10894448,-0.92397153
1322934744.41654062,0.07544038,0.10932686,-0.92562842
1322934744.46565676,0.07673349,0.10816273,-0.92461199
1322934744.51671076,0.07554877,0.10778949,-0.92401022
1322934744.56469989,0.07463292,0.10791941,-0.92339683
1322934744.61769652,0.07567929,0.10955845,-0.92388254
1322934744.66468692,0.07862063,0.11105193,-0.92452538
1322934744.71735334,0.07623206,0.10967719,-0.92371839
1322934744.76573300,0.07702555,0.10979892,-0.92407393
1322934744.81655908,0.07626502,0.10956902,-0.92544961
1322934744.86558437,0.07908302,0.11144074,-0.92583555
1322934744.91651845,0.07530495,0.10920186,-0.92563528
1322934744.96469760,0.07342298,0.10871299,-0.92533934
1322934745.01759315,0.07587084,0.10765054,-0.92319047
1322934745.06626177,0.07772478,0.10966139,-0.92376608
1322934745.11671996,0.07427385,0.11071955,-0.92450529
1322934745.16464067,0.07931070,0.10902037,-0.92460406
1322934745.21667433,0.07517562,0.11033955,-0.92538440
1322934745.26578975,0.07437602,0.10895512,-0.92528653
1322934745.31657219,0.07614670,0.10726766,-0.92317182
1322934745.36470127,0.07571542,0.10904600,-0.92334318
1322934745.41659379,0.07519069,0.11046305,-0.92511767
1322934745.46455383,0.07670846,0.10930499,-0.92488867
1322934745.51656175,0.07538643,0.11108206,-0.92404407
1322934745.56469083,0.07512346,0.10880837,-0.92417556
1322934745.61688924,0.07284617,0.10960995,-0.92577922
1322934745.66562915,0.07829327,0.10982618,-0.92786944
1322934745.72470260,0.07686401,0.10993169,-0.92448431
1322934745.76575661,0.07707988,0.11105239,-0.92301315
1322934745.81650853,0.07609954,0.10816138,-0.92384803
1322934745.86658716,0.07393176,0.10932117,-0.92358083
1322934745.91660142,0.07741555,0.10919049,-0.92671460
1322934745.96700883,0.07590487,0.10842687,-0.92479485
1322934746.01664662,0.07630812,0.10817053,-0.92490321
1322934746.06558061,0.07632532,0.11006303,-0.92438281
1322934746.11672139,0.07541539,0.10842241,-0.92388922
1322934746.16672397,0.07602430,0.10956603,-0.92492986
1322934746.22564840,0.07535721,0.10969740,-0.92470235
1322934746.26595592,0.07574563,0.11030407,-0.92268395
1322934746.31654167,0.07633933,0.10930203,-0.92424297
1322934746.36470532,0.07591476,0.10615003,-0.92491066
1322934746.41759443,0.07650581,0.11058310,-0.92584348
1322934746.46565270,0.07713478,0.11121733,-0.92661244
1322934746.51670074,0.07550865,0.10880826,-0.92455363
1322934746.56470251,0.07738880,0.10952571,-0.92258394
1322934746.61734986,0.07601850,0.11030092,-0.92266828
1322934746.66472840,0.07750101,0.11056438,-0.92511940
1322934746.71756291,0.07519076,0.11147413,-0.92499185
1322934746.76651287,0.07575453,0.10815381,-0.92280078
1322934746.81669664,0.07521275,0.10970052,-0.92484403
1322934746.86464000,0.07608845,0.10753157,-0.92411077
1322934746.91739559,0.07539546,0.11095394,-0.92390925
1322934746.96470618,0.07726528,0.10992850,-0.92459470
1322934747.01735663,0.07621605,0.11069134,-0.92386025
1322934747.06557608,0.07684787,0.10892369,-0.92487788
1322934747.11677146,0.07566036,0.11196341,-0.92390156
1322934747.16564608,0.07512758,0.11032421,-0.92391992
1322934747.22566915,0.07690625,0.11068192,-0.92368722
1322934747.26457000,0.07704282,0.11270250,-0.92342770
1322934747.31656837,0.07561405,0.10765062,-0.92293847
1322934747.36468744,0.07569828,0.10816457,-0.92373770
1322934747.41667962,0.07447639,0.11047707,-0.92569226
1322934747.46454358,0.07673971,0.10838978,-0.92221254
1322934747.51668453,0.07509942,0.10982405,-0.92445129
1322934747.56469011,0.07633223,0.10816592,-0.92450166
1322934747.61667252,0.07663936,0.10992561,-0.92369688
1322934747.66552472,0.07587585,0.11007544,-0.92507553
1322934747.72564316,0.07627124,0.10979608,-0.92305017
1322934747.76670647,0.07556204,0.11119937,-0.92336804
1322934747.81683230,0.07490169,0.10945820,-0.92552692
1322934747.86464119,0.07700735,0.10803300,-0.92459536
1322934747.91653728,0.07367679,0.10909265,-0.92559439
1322934747.96466327,0.07686058,0.10629167,-0.92725831
1322934748.01762652,0.07732259,0.11080224,-0.92353088
1322934748.06561852,0.07513259,0.11274912,-0.92580497
1322934748.11667490,0.07637765,0.11156965,-0.92332399
1322934748.16466665,0.07509650,0.11121486,-0.92432845
1322934748.21712971,0.07607756,0.10993499,-0.92399591
1322934748.26639009,0.07386342,0.10882869,-0.92478144
1322934748.31654906,0.07422568,0.10868206,-0.92329246
1322934748.36452579,0.07582568,0.10829111,-0.92386472
1322934748.42563248,0.07427474,0.11162861,-0.92664605
1322934748.46627879,0.07638363,0.11081019,-0.92331803
1322934748.51652408,0.07526375,0.10627833,-0.92441541
1322934748.56654739,0.07415123,0.10692690,-0.92475080
1322934748.61710382,0.07676371,0.10942081,-0.92395276
1322934748.66665697,0.07807391,0.11118481,-0.92455769
1322934748.71732092,0.07620984,0.11046428,-0.92625970
1322934748.76663256,0.07460078,0.10792556,-0.92393219
1322934748.81753683,0.07405318,0.11020716,-0.92371386
1322934748.86546946,0.07851923,0.11170327,-0.92613655
1322934748.91652513,0.07525903,0.11095552,-0.92391706
1322934748.96463108,0.07649277,0.10815973,-0.92409223
1322934749.01709580,0.07605551,0.11069753,-0.92426962
1322934749.06463599,0.07715793,0.10929258,-0.92419595
1322934749.11701941,0.07661021,0.10955203,-0.92422926
1322934749.16463327,0.07529200,0.11084735,-0.92564827
1322934749.21756768,0.07513250,0.10868026,-0.92404073
1322934749.26562881,0.07632433,0.11018961,-0.92438382
1322934749.31732440,0.07609157,0.10917400,-0.92385608
1322934749.36557460,0.07747297,0.10902859,-0.92350906
1322934749.41783619,0.07644183,0.11259299,-0.92439497
1322934749.46557808,0.07314208,0.10871769,-0.92548889
1322934749.51689577,0.07608560,0.10993346,-0.92386204
1322934749.56555343,0.07585882,0.10815838,-0.92332834
1322934749.61665106,0.07693534,0.11004443,-0.92328066
1322934749.66562080,0.07755318,0.11209556,-0.92632824
1322934749.72060037,0.07514657,0.10893033,-0.92377502
1322934749.76578474,0.07445943,0.10957109,-0.92381918
1322934749.81754851,0.07663637,0.11030535,-0.92369992
1322934749.86560845,0.07590899,0.10994272,-0.92453915
1322934749.91660500,0.07768267,0.11093331,-0.92431146
1322934749.96561193,0.07365684,0.10856640,-0.92372435
1322934750.01656389,0.07828149,0.11132054,-0.92561382
1322934750.06560183,0.07559893,0.10957383,-0.92522103
1322934750.12458563,0.07441637,0.10892288,-0.92234969
1322934750.16458941,0.07574459,0.11247736,-0.92470086
1322934750.21653748,0.07523678,0.10868483,-0.92456830
1322934750.26607990,0.07810991,0.10865021,-0.92426997
1322934750.31651902,0.07489472,0.11034424,-0.92553389
1322934750.36667252,0.07705862,0.10865512,-0.92366338
1322934750.41653156,0.07618883,0.10905353,-0.92451650
1322934750.46626592,0.07505515,0.11137369,-0.92726630
1322934750.51658130,0.07583877,0.10866776,-0.92360002
1322934750.56458592,0.07477934,0.10970985,-0.92526907
1322934750.61708069,0.07636052,0.11068822,-0.92371857
1322934750.66553116,0.07741081,0.11080988,-0.92432612
1322934750.71750593,0.07578258,0.10968960,-0.92441112
1322934750.76456690,0.07642344,0.10779384,-0.92529392
1322934750.81657505,0.07540251,0.11107899,-0.92377639
1322934750.86457682,0.07788625,0.10851756,-0.92348152
1322934750.91753817,0.07787336,0.11117413,-0.92336869
1322934750.96456480,0.07527590,0.10779264,-0.92402589
1322934751.02456260,0.07661220,0.10929888,-0.92422730
1322934751.06557918,0.07515076,0.11145725,-0.92339349
1322934751.11655164,0.07650685,0.10840981,-0.92382658
1322934751.16454101,0.07683050,0.10705575,-0.92766583
1322934751.21654367,0.07324132,0.10834406,-0.92614728
1322934751.26452255,0.07894240,0.10891539,-0.92622489
1322934751.31656027,0.07547159,0.11045836,-0.92496818
1322934751.36558557,0.07541744,0.10918033,-0.92376137
1322934751.41660380,0.07709677,0.11094730,-0.92501205
1322934751.46559072,0.07638837,0.10919079,-0.92570645
1322934751.51652813,0.07567231,0.11044449,-0.92388958
1322934751.56455207,0.07567324,0.10930683,-0.92401439
1322934751.62552094,0.07599322,0.11045668,-0.92533839
1322934751.66572833,0.07619376,0.11046736,-0.92652738
1322934751.71768999,0.07632825,0.10867222,-0.92450565
1322934751.76454711,0.07571112,0.10755471,-0.92586643
1322934751.81656218,0.07704045,0.10994699,-0.92607486
1322934751.86555505,0.07381926,0.10934269,-0.92545474
1322934751.91659808,0.07666130,0.11019871,-0.92556494
1322934751.96456146,0.07427286,0.11084612,-0.92450631
1322934752.01715255,0.07603832,0.10880502,-0.92479002
1322934752.06567097,0.07672847,0.11084232,-0.92663288
1322934752.11755466,0.07540835,0.10829737,-0.92402208
1322934752.16456938,0.07870368,0.10865924,-0.92570317
1322934752.22565699,0.07519667,0.10970359,-0.92511171
1322934752.26452351,0.07750525,0.11104459,-0.92272198
1322934752.31655622,0.07580950,0.10932982,-0.92627418
1322934752.36558056,0.07537222,0.10880983,-0.92456144
1322934752.41764331,0.07868880,0.11156897,-0.92559230
1322934752.46456218,0.07549657,0.10830502,-0.92481732
1322934752.51654482,0.07438704,0.10857385,-0.92514968
1322934752.56557560,0.07525492,0.10943968,-0.92417276
1322934752.61689329,0.07588693,0.11070525,-0.92481285
1322934752.66453886,0.07664218,0.10957044,-0.92596149
1322934752.71654081,0.07603440,0.11032241,-0.92466819
1322934752.76865268,0.07457262,0.10742540,-0.92446357
1322934752.81655669,0.07619487,0.10930514,-0.92438465
1322934752.86553955,0.07724909,0.11096721,-0.92700410
1322934752.91662574,0.07645653,0.10970782,-0.92677343
1322934752.96555042,0.07618079,0.10905506,-0.92465031
1322934753.01703119,0.07734670,0.11079762,-0.92312932
1322934753.06559205,0.07490585,0.10892733,-0.92325532
1322934753.11728215,0.07434013,0.11045409,-0.92343247
1322934753.16564965,0.07939401,0.11067197,-0.92527848
1322934753.21758127,0.07301980,0.10998041,-0.92510515
1322934753.26670384,0.07630020,0.10713643,-0.92289525
1322934753.31762791,0.07603639,0.11006925,-0.92466617
1322934753.36454296,0.07576627,0.10870616,-0.92707229
1322934753.41664410,0.07393471,0.11098815,-0.92559373
1322934753.46462059,0.07447134,0.11009888,-0.92582309
1322934753.51663208,0.07408721,0.11098350,-0.92531818
1322934753.56455350,0.07602248,0.10979462,-0.92266428
1322934753.61655784,0.07522377,0.10931925,-0.92470717
1322934753.66638684,0.07745183,0.11375798,-0.92781359
1322934753.72479606,0.07500828,0.11120721,-0.92353320
1322934753.76670337,0.07634544,0.11056472,-0.92398524
1322934753.81656981,0.07483459,0.10982567,-0.92433310
1322934753.86561227,0.07542929,0.10869705,-0.92589110
1322934753.91668010,0.07686689,0.11058760,-0.92662305
1322934753.96650314,0.07514136,0.10857670,-0.92617351
1322934754.01708889,0.07521068,0.10894259,-0.92497182
1322934754.06565595,0.07640661,0.10891000,-0.92316914
1322934754.12556362,0.07613175,0.10916631,-0.92318684
1322934754.16568398,0.07723818,0.11031284,-0.92499924
1322934754.21654439,0.07504623,0.11046617,-0.92525935
1322934754.26557541,0.07617667,0.10753922,-0.92490602
1322934754.31654644,0.07612354,0.10919241,-0.92558825
1322934754.36572886,0.07512346,0.10880837,-0.92417556
1322934754.41692519,0.07710680,0.11069261,-0.92487621
1322934754.46553802,0.07756314,0.11082980,-0.92631823
1322934754.51760221,0.07274487,0.10922565,-0.92524868
1322934754.56453323,0.07594910,0.10892396,-0.92399573
1322934754.61755776,0.07342916,0.11098676,-0.92495584
1322934754.66953278,0.07653284,0.10918768,-0.92556477
1322934754.72457719,0.07616884,0.11057398,-0.92466235
1322934754.76560187,0.07678197,0.11219781,-0.92330551
1322934754.81653380,0.07751796,0.10841258,-0.92510241
1322934754.86536717,0.07654686,0.10842668,-0.92542493
1322934754.91751790,0.07561208,0.11096156,-0.92483050
1322934754.96967578,0.07755720,0.10954254,-0.92430830
1322934755.01726031,0.07488476,0.11161000,-0.92554390
1322934755.06538963,0.07844888,0.10840616,-0.92544913
1322934755.11750770,0.07726638,0.10876629,-0.92245191
1322934755.16563082,0.07523575,0.11085812,-0.92658520
1322934755.21655393,0.07702655,0.10967235,-0.92407292
1322934755.26860404,0.07735556,0.11069407,-0.92526209
1322934755.31655550,0.07620084,0.10854568,-0.92437863
1322934755.36577964,0.07628196,0.10741722,-0.92543256
1322934755.41702366,0.07564621,0.11070225,-0.92429310
1322934755.46965694,0.07634926,0.11008298,-0.92624885
1322934755.51754475,0.07648281,0.10942549,-0.92410225
1322934755.56967902,0.07621898,0.10930053,-0.92398310
1322934755.61754990,0.07668541,0.11019410,-0.92516339
1322934755.66573930,0.07702867,0.11144134,-0.92381924
1322934755.72568202,0.07721101,0.10968611,-0.92552960
1322934755.76571226,0.07610671,0.11030857,-0.92346352
1322934755.81656504,0.07762131,0.10955480,-0.92550510
1322934755.86573815,0.07595995,0.10856725,-0.92612648
1322934755.91764784,0.07587790,0.11083337,-0.92494768
1322934755.96567869,0.07756417,0.10865651,-0.92430133
1322934756.01767159,0.07616660,0.10984062,-0.92705780
1322934756.06570792,0.07742073,0.11159083,-0.92633206
1322934756.11760926,0.07726820,0.10853770,-0.92471755
1322934756.16967392,0.07723214,0.11006123,-0.92513108
1322934756.21656823,0.07794837,0.10878297,-0.92468035
1322934756.26954198,0.07724416,0.10955338,-0.92499322
1322934756.31650639,0.07692819,0.11095503,-0.92555529
1322934756.36565018,0.07583982,0.10955226,-0.92347318
1322934756.41664433,0.07517551,0.11137518,-0.92752618
1322934756.46564507,0.07670540,0.10867365,-0.92501754
1322934756.51713872,0.07598430,0.10954915,-0.92333150
1322934756.56863976,0.07803559,0.10891720,-0.92547661
1322934756.61755276,0.07631025,0.10993953,-0.92464948
1322934756.66565561,0.07555178,0.11046755,-0.92589730
1322934756.72964931,0.07667020,0.10804845,-0.92568177
1322934756.76567173,0.07649902,0.11144457,-0.92358291
1322934756.81655550,0.07710690,0.10965697,-0.92273444
1322934756.86570668,0.07735033,0.11034044,-0.92766052
1322934756.91699147,0.07546256,0.11058648,-0.92510301
1322934756.96554112,0.07681086,0.10852709,-0.92327648
1322934757.01653695,0.07486955,0.10946435,-0.92606229
1322934757.06966114,0.07849815,0.10928144,-0.92451918
1322934757.11664271,0.07577355,0.10981771,-0.92454600
1322934757.16965365,0.07592096,0.11148158,-0.92641723
1322934757.21656036,0.07839891,0.10965505,-0.92386079
1322934757.26856399,0.07625898,0.10931741,-0.92558146
1322934757.31713581,0.07666130,0.11019871,-0.92556494
1322934757.36675549,0.07692318,0.10853012,-0.92367023
1322934757.41655302,0.07622099,0.11210517,-0.92587113
1322934757.46566820,0.07576633,0.10971723,-0.92694640
1322934757.51730275,0.07555288,0.10930534,-0.92375457
1322934757.56860209,0.07657501,0.10892684,-0.92489350
1322934757.61676931,0.07439322,0.11084762,-0.92476612
1322934757.66896415,0.07777096,0.11195204,-0.92498088
1322934757.71757126,0.07627711,0.11007226,-0.92518592
1322934757.76876116,0.07396390,0.10931502,-0.92304546
1322934757.81665683,0.07647666,0.11020952,-0.92637587
1322934757.86920977,0.07541833,0.11008939,-0.92590213
1322934757.92964578,0.07351339,0.11150072,-0.92575508
1322934757.96952295,0.07522190,0.11159456,-0.92445749
1322934758.01687860,0.07469305,0.10843798,-0.92459762
1322934758.06681180,0.07562091,0.10780022,-0.92507321
1322934758.11658788,0.07660808,0.10778303,-0.92448300
1322934758.17016816,0.07621495,0.11185355,-0.92600298
1322934758.21663833,0.07663919,0.10995018,-0.92596447
1322934758.26682591,0.07771269,0.10915817,-0.92402977
1322934758.31658840,0.07454161,0.10932712,-0.92474633
1322934758.36674380,0.07511144,0.10931621,-0.92431343
1322934758.41763496,0.07704663,0.11222076,-0.92569131
1322934758.46600604,0.07726506,0.11199977,-0.92887819
1322934758.51653647,0.07603844,0.11082718,-0.92453831
1322934758.56865191,0.07710361,0.10803911,-0.92525673
1322934758.61665225,0.07559999,0.11045832,-0.92509419
1322934758.66532946,0.07670952,0.11018949,-0.92476183
1322934758.71814394,0.07798851,0.11082199,-0.92602700
1322934758.76674962,0.07741565,0.10815485,-0.92457283
1322934758.81652713,0.07665533,0.11095817,-0.92557096
1322934758.86865187,0.07732328,0.10867807,-0.92604917
1322934758.91704488,0.07462883,0.10946135,-0.92554259
1322934758.96532750,0.07688700,0.10803150,-0.92433548
1322934759.01653051,0.07478040,0.11059435,-0.92514217
1322934759.06665039,0.07579947,0.10958451,-0.92641002
1322934759.12554979,0.07660510,0.10816277,-0.92448598
1322934759.16580653,0.07836081,0.11347845,-0.92629224
1322934759.21655869,0.07515749,0.10958470,-0.92577994
1322934759.26873159,0.07815585,0.10995433,-0.92787826
1322934759.31777120,0.07641945,0.10830014,-0.92529792
1322934759.36853909,0.07651987,0.10777539,-0.92368770
1322934759.41662979,0.07629805,0.11047193,-0.92705494
1322934759.46865177,0.07502106,0.10958628,-0.92578775
1322934759.52569580,0.07478445,0.11109912,-0.92501235
1322934759.56574512,0.07692819,0.11095503,-0.92555529
1322934759.61656046,0.07583760,0.10881890,-0.92586863
1322934759.66864705,0.07540007,0.10731240,-0.92654938
1322934759.71664381,0.07636420,0.10818433,-0.92623383
1322934759.76524878,0.07490368,0.10920504,-0.92552489
1322934759.81660819,0.07527205,0.11032110,-0.92377824
1322934759.86532259,0.07722204,0.10930484,-0.92539275
1322934759.91785240,0.07607646,0.11109721,-0.92613870
1322934759.96852207,0.07699128,0.10803608,-0.92486304
1322934760.01741219,0.07367692,0.11111480,-0.92534268
1322934760.06556177,0.07772151,0.11110132,-0.92817843
1322934760.11665273,0.07734463,0.11003970,-0.92325717
1322934760.16672945,0.07354124,0.11000329,-0.92774296
1322934760.21664310,0.07598107,0.10894237,-0.92572796
1322934760.26673746,0.07516958,0.11008793,-0.92551625
1322934760.31663775,0.07473816,0.10984412,-0.92593926
1322934760.36864734,0.07620870,0.10856871,-0.92651236
1322934760.41653109,0.07572234,0.11020667,-0.92535210
1322934760.46853971,0.07707053,0.10918292,-0.92566729
1322934760.51653695,0.07456080,0.11096647,-0.92422390
1322934760.56852150,0.07705041,0.10868122,-0.92606485
1322934760.61663747,0.07549154,0.11098462,-0.92683822
1322934760.66960907,0.07828548,0.11081424,-0.92560983
1322934760.71665096,0.07723008,0.10930330,-0.92525893
1322934760.76566720,0.07531902,0.10945193,-0.92536956
1322934760.81701231,0.07659613,0.10930195,-0.92449498
1322934760.86566019,0.07765328,0.10957322,-0.92723733
1322934760.91664147,0.07502624,0.11198662,-0.92540526
1322934760.96967483,0.07812697,0.10852055,-0.92400128
1322934761.01730585,0.07364471,0.11010987,-0.92600393
1322934761.06863999,0.07781575,0.10830280,-0.92695177
1322934761.11651802,0.07674454,0.11083925,-0.92636520
1322934761.16864061,0.07504611,0.11150180,-0.92740113
1322934761.21752429,0.07664018,0.10982360,-0.92596346
1322934761.26565695,0.07630925,0.11006611,-0.92465049
1322934761.31654453,0.07662411,0.10982668,-0.92623121
1322934761.36966753,0.07747286,0.11006422,-0.92565078
1322934761.42964339,0.07453552,0.11112222,-0.92689407
1322934761.46864438,0.07583979,0.11159898,-0.92548907
1322934761.51656747,0.07589686,0.11148620,-0.92681873
1322934761.56547403,0.07651664,0.10716860,-0.92608416
1322934761.61665106,0.07762729,0.10879534,-0.92549914
1322934761.66958594,0.07743762,0.11148574,-0.92833096
1322934761.71664095,0.07732352,0.10966458,-0.92365575
1322934761.76649094,0.07578832,0.10794362,-0.92679858
1322934761.81654310,0.07647460,0.10945159,-0.92650372
1322934761.86865020,0.07962082,0.11040033,-0.92379630
1322934761.91653895,0.07484135,0.11101091,-0.92860961
1322934761.96964979,0.07777780,0.10904385,-0.92522562
1322934762.02964425,0.07654592,0.10956433,-0.92530006
1322934762.06864262,0.07608449,0.11109567,-0.92600483
1322934762.11697769,0.07611538,0.10717179,-0.92597383
1322934762.16552806,0.07678448,0.10984505,-0.92808938
1322934762.21704793,0.07892740,0.10980297,-0.92636573
1322934762.26856065,0.07704935,0.10779672,-0.92619169
1322934762.31664515,0.07713272,0.11045940,-0.92674023
1322934762.36869240,0.07692102,0.10880783,-0.92593980
1322934762.41655135,0.07475636,0.11161004,-0.92541790
1322934762.46865249,0.08128184,0.11143702,-0.92771012
1322934762.51758599,0.07551160,0.11047523,-0.92656654
1322934762.56999493,0.07604130,0.10842530,-0.92478698
1322934762.61664128,0.07560305,0.11108967,-0.92496538
1322934762.66873360,0.07495086,0.11136911,-0.92673874
1322934762.71724176,0.07840371,0.10904673,-0.92612338
1322934762.76659322,0.07701435,0.11020476,-0.92647839
1322934762.81659555,0.07778797,0.11081131,-0.92483807
1322934762.86684608,0.07715470,0.10868579,-0.92659241
1322934762.91753292,0.07813703,0.11132365,-0.92575550
1322934762.96953392,0.07555463,0.10806566,-0.92614597
1322934763.01661730,0.07583268,0.11046286,-0.92574781
1322934763.06563520,0.07750084,0.11058895,-0.92738700
1322934763.11672497,0.07503995,0.10922803,-0.92778468
1322934763.16852999,0.07536906,0.10921412,-0.92683208
1322934763.22572660,0.07792831,0.10929235,-0.92495209
1322934763.26571631,0.07532626,0.11261021,-0.92485917
1322934763.31680608,0.07614260,0.10880960,-0.92531759
1322934763.36907554,0.07659788,0.10806229,-0.92688644
1322934763.41725469,0.07487947,0.11024529,-0.92806822
1322934763.46968007,0.07702424,0.10792791,-0.92659426
1322934763.51703548,0.07632322,0.11135182,-0.92652655
1322934763.56640077,0.07619768,0.10894997,-0.92664921
1322934763.61730933,0.07677874,0.11159103,-0.92570198
1322934763.66571403,0.07631911,0.10983597,-0.92678225
1322934763.71715307,0.07765950,0.10980027,-0.92483789
1322934763.76967669,0.07687586,0.10944840,-0.92661405
1322934763.81752610,0.07677071,0.11159256,-0.92583585
1322934763.86958909,0.07472595,0.10731874,-0.92645466
1322934763.91653752,0.07580647,0.11175627,-0.92829311
1322934763.96855021,0.07664915,0.10868441,-0.92595446
1322934764.01692438,0.07669146,0.11044572,-0.92503154
1322934764.06955528,0.07905369,0.11109172,-0.92863554
1322934764.12852645,0.07691405,0.10969387,-0.92594683
1322934764.16864777,0.07765149,0.11285960,-0.92686176
1322934764.22853708,0.07815478,0.10906983,-0.92800510
1322934764.26565433,0.07558399,0.11147247,-0.92523605
1322934764.32967401,0.07585043,0.10820904,-0.92799735
1322934764.36567307,0.07581581,0.11362574,-0.92563897
1322934764.41754127,0.07535792,0.11063103,-0.92911065
1322934764.46864057,0.07705035,0.10767014,-0.92619067
1322934764.51663971,0.07620256,0.10935273,-0.92878598
1322934764.56565356,0.07772461,0.10968596,-0.92603368
1322934764.62967372,0.07592276,0.10819521,-0.92679274
1322934764.66965747,0.07766344,0.11134068,-0.92684978
1322934764.71664286,0.07573131,0.10906748,-0.92534304
1322934764.76580310,0.07715968,0.10805291,-0.92658740
1322934764.81656981,0.07617763,0.10945936,-0.92692095
1322934764.86578226,0.07717066,0.10971836,-0.92846644
1322934764.92553425,0.07594284,0.11074361,-0.92841113
1322934764.96627617,0.07615272,0.11262377,-0.92694592
1322934765.01663923,0.07543832,0.10856894,-0.92575628
1322934765.06622362,0.07684664,0.10806375,-0.92727232
1322934765.11677122,0.07589754,0.10936203,-0.92933702
1322934765.16624236,0.07700532,0.11033287,-0.92661321
1322934765.21701837,0.07628009,0.10969252,-0.92518288
1322934765.26629257,0.07564292,0.10908439,-0.92681539
1322934765.31674814,0.07711776,0.10930026,-0.92486519
1322934765.36612415,0.07744364,0.10867957,-0.92630905
1322934765.41664267,0.07691506,0.11262508,-0.92783588
1322934765.46851492,0.07489764,0.10895343,-0.92565674
1322934765.51664758,0.07488445,0.10961241,-0.92806321
1322934765.56858540,0.07556778,0.10945340,-0.92575544
1322934765.61663914,0.07449239,0.10946292,-0.92555040
1322934765.66851687,0.07715373,0.11187016,-0.92848349
1322934765.71656179,0.07541727,0.10920490,-0.92602897
1322934765.76857972,0.07553159,0.10895478,-0.92642069
1322934765.81655884,0.07539223,0.11034716,-0.92630565
1322934765.86863756,0.07568309,0.10907671,-0.92614615
1322934765.91726565,0.07535106,0.11048143,-0.92697591
1322934765.96511364,0.07659788,0.10806229,-0.92688644
1322934766.01703954,0.07535130,0.11146794,-0.92458248
1322934766.06852436,0.07624590,0.10894075,-0.92584616
1322934766.11754608,0.07663215,0.10982513,-0.92609733
1322934766.16965008,0.07436986,0.10973914,-0.92756015
1322934766.21716285,0.07532208,0.11008328,-0.92524070
1322934766.26852393,0.07537311,0.10971889,-0.92670220
1322934766.31664038,0.07508136,0.11008029,-0.92472100
1322934766.36583638,0.07630719,0.10930818,-0.92477834
1322934766.41653275,0.07711366,0.11084221,-0.92701095
1322934766.46965694,0.07816601,0.11172179,-0.92749071
1322934766.51774096,0.07439913,0.10907709,-0.92488599
1322934766.56965733,0.07523362,0.10908912,-0.92683887
1322934766.62967682,0.07480743,0.10919894,-0.92486352
1322934766.66967654,0.07600620,0.11186896,-0.92721546
1322934766.71765804,0.07549447,0.10959381,-0.92696106
1322934766.76863909,0.07474301,0.10718908,-0.92618597
1322934766.81697774,0.07849804,0.11031707,-0.92666095
1322934766.86864161,0.07743049,0.10729184,-0.92669958
1322934766.91664004,0.07555875,0.10958152,-0.92589027
1322934766.96852326,0.07743055,0.10830291,-0.92657375
1322934767.01672363,0.07506106,0.10960315,-0.92738611
1322934767.06968451,0.07666615,0.10754368,-0.92581165
1322934767.11766720,0.07685786,0.11071571,-0.92675793
1322934767.16556001,0.07669520,0.10895290,-0.92742097
1322934767.21654630,0.07583378,0.10930065,-0.92360502
1322934767.26552439,0.07702832,0.11149047,-0.92835444
1322934767.31657386,0.07615881,0.11082868,-0.92479819
1322934767.36573958,0.07726116,0.10841265,-0.92485034
1322934767.41655588,0.07697026,0.11172982,-0.92702579
1322934767.46964860,0.07648768,0.10982825,-0.92623901
1322934767.51654577,0.07678259,0.10906257,-0.92594963
1322934767.56617618,0.07609040,0.10932513,-0.92612469
1322934767.61657166,0.07546538,0.11023131,-0.92736763
1322934767.66863990,0.07672840,0.10983125,-0.92675877
1322934767.71664071,0.07549646,0.10934066,-0.92695910
1322934767.76964474,0.07599515,0.10919245,-0.92546225
1322934767.81785512,0.07754600,0.10994837,-0.92671275
1322934767.86864924,0.07605129,0.11021732,-0.92666703
1322934767.91655779,0.07639736,0.11110939,-0.92758751
1322934767.96569610,0.07844283,0.10815455,-0.92558098
1322934768.01717854,0.07539230,0.11135823,-0.92617983
1322934768.06662726,0.07824021,0.11249044,-0.92842579
1322934768.11708212,0.07656897,0.10867523,-0.92502540
1322934768.16958070,0.07555266,0.11137661,-0.92803806
1322934768.21792722,0.07535810,0.11060646,-0.92684305
1322934768.26616049,0.07675955,0.10995167,-0.92622435
1322934768.31667328,0.07623892,0.10982679,-0.92585313
1322934768.36864185,0.07557774,0.10818763,-0.92574543
1322934768.41663790,0.07625788,0.11047962,-0.92772418
1322934768.46865177,0.07705148,0.10956572,-0.92593801
1322934768.51703095,0.07640245,0.10944087,-0.92544073
1322934768.56582093,0.07853609,0.10854039,-0.92624539
1322934768.62852263,0.07618573,0.11046889,-0.92666125
1322934768.66580105,0.07631718,0.11110020,-0.92665839
1322934768.71753073,0.07616753,0.10870297,-0.92718261
1322934768.76566291,0.07511213,0.10719205,-0.92683172
1322934768.81734180,0.07626478,0.10858251,-0.92784303
1322934768.86966348,0.07691494,0.11060293,-0.92808759
1322934768.91663957,0.07600009,0.11060628,-0.92747313
1322934768.96565938,0.07612959,0.10944402,-0.92545640
1322934769.01705098,0.07581162,0.11109882,-0.92602050
1322934769.06971931,0.07556555,0.10872003,-0.92815089
1322934769.11664820,0.07559371,0.10922019,-0.92761952
1322934769.16572165,0.07749779,0.10995760,-0.92751586
1322934769.21701431,0.07721191,0.11059517,-0.92767036
1322934769.26570892,0.07409605,0.10782216,-0.92556089
1322934769.32570863,0.07665002,0.10653568,-0.92620516
1322934769.36578727,0.07364677,0.11086780,-0.92587608
1322934769.41664767,0.07581132,0.10910123,-0.92853975
1322934769.46964431,0.07730404,0.10908543,-0.92858750
1322934769.51694083,0.07381205,0.10924222,-0.92785513
1322934769.56571031,0.07680663,0.10804687,-0.92567396
1322934769.61776662,0.07665914,0.11047643,-0.92783457
1322934769.66570926,0.07715858,0.10921513,-0.92873013
1322934769.71665120,0.07554866,0.10882512,-0.92615199
1322934769.76574779,0.07717682,0.10893434,-0.92619288
1322934769.81698561,0.07531486,0.10998280,-0.92764115
1322934769.86970663,0.07696014,0.10791565,-0.92539740
1322934769.91664052,0.07601523,0.11174085,-0.92708063
1322934769.96569300,0.07618958,0.10794044,-0.92690891
1322934770.01726079,0.07630832,0.11120376,-0.92452568
1322934770.06588030,0.07676453,0.10931879,-0.92621934
1322934770.11762261,0.07442100,0.10833911,-0.92687988
1322934770.16569662,0.07676858,0.10982356,-0.92608953
1322934770.21658468,0.07674254,0.11109240,-0.92636722
1322934770.26955867,0.07441595,0.10796092,-0.92701072
1322934770.31656861,0.07693722,0.11082691,-0.92542046
1322934770.36854482,0.07465568,0.10809050,-0.92753148
1322934770.41772199,0.07603016,0.10984220,-0.92706561
1322934770.46569586,0.07773864,0.11198275,-0.92778391
1322934770.51684284,0.07388842,0.10973314,-0.92652065
1322934770.56854701,0.07818305,0.10853435,-0.92533195
1322934770.61665225,0.07482538,0.10997835,-0.92673552
1322934770.66572165,0.07616337,0.10923384,-0.92945421
1322934770.71663928,0.07641149,0.10931276,-0.92530590
1322934770.76965094,0.07681780,0.10968776,-0.92528540
1322934770.81654859,0.07546026,0.10884204,-0.92762434
1322934770.86487961,0.07571830,0.10970190,-0.92548192
1322934770.91718149,0.07705635,0.10996848,-0.92807472
1322934770.96514201,0.07668026,0.11085155,-0.92743599
1322934771.01671576,0.07660113,0.11172687,-0.92638004
1322934771.06538081,0.07609731,0.10742802,-0.92624348
1322934771.11653090,0.07442413,0.10998154,-0.92662519
1322934771.16865611,0.07772946,0.10703092,-0.92628038
1322934771.21673489,0.07702843,0.11045483,-0.92621267
1322934771.26969266,0.07637308,0.11113857,-0.93025666
1322934771.31652045,0.07514839,0.10870174,-0.92604065
1322934771.36569381,0.07469181,0.10757804,-0.92699206
1322934771.41759205,0.07632422,0.11122525,-0.92652553
1322934771.46853065,0.07514540,0.10908147,-0.92604363
1322934771.51662230,0.07411918,0.11100191,-0.92705041
1322934771.56572819,0.07605321,0.10895309,-0.92679089
1322934771.61779189,0.07578652,0.11123001,-0.92642301
1322934771.66857457,0.07700419,0.10843729,-0.92686594
1322934771.71664310,0.07499097,0.11035035,-0.92619532
1322934771.76574779,0.07462278,0.10920974,-0.92567444
1322934771.81655502,0.07616062,0.11060008,-0.92706376
1322934771.86466646,0.07607134,0.10970794,-0.92639536
1322934771.91693163,0.07559378,0.11023127,-0.92749363
1322934771.96971083,0.07691199,0.10893595,-0.92607468
1322934772.01653075,0.07452131,0.10884999,-0.92741144
1322934772.06541061,0.08031878,0.11144958,-0.92789876
1322934772.11666656,0.07431379,0.10972534,-0.92622948
1322934772.16619968,0.07664805,0.10984662,-0.92809725
1322934772.21656823,0.07679063,0.10906103,-0.92581582
1322934772.26465154,0.07708643,0.10920440,-0.92766720
1322934772.31665277,0.07551857,0.10958920,-0.92655951
1322934772.36464930,0.07586277,0.10969879,-0.92534024
1322934772.41671467,0.07611639,0.11010300,-0.92786288
1322934772.46469998,0.07552767,0.11047217,-0.92629886
1322934772.51723337,0.07463673,0.10743766,-0.92566043
1322934772.56572247,0.07652363,0.10934035,-0.92796719
1322934772.61654472,0.07462079,0.10946289,-0.92567641
1322934772.66961908,0.07683661,0.10831844,-0.92740816
1322934772.71670103,0.07687898,0.11109082,-0.92635936
1322934772.76585460,0.07758100,0.10754034,-0.92642605
1322934772.81669450,0.07637542,0.11083629,-0.92571944
1322934772.86469650,0.07756296,0.11085436,-0.92858583
1322934772.91668344,0.07735157,0.11120038,-0.92526609
1322934772.96467853,0.07537422,0.10855667,-0.92455947
1322934773.01709819,0.07599016,0.10982533,-0.92546725
1322934773.06469059,0.07606617,0.10730759,-0.92677790
1322934773.11708689,0.07501707,0.11009258,-0.92579180
1322934773.16566968,0.07815578,0.10894325,-0.92800409
1322934773.21668339,0.07573736,0.10931910,-0.92521119
1322934773.26467681,0.07599408,0.10830794,-0.92558908
1322934773.31656003,0.07612859,0.10957060,-0.92545742
1322934773.36469984,0.07658088,0.10920302,-0.92702925
1322934773.41674185,0.07801855,0.11210464,-0.92763537
1322934773.46468115,0.07543915,0.10846692,-0.92802286
1322934773.51668358,0.07740253,0.10982491,-0.92685342
1322934773.56557846,0.07555670,0.10882359,-0.92601812
1322934773.61697602,0.07465393,0.10933016,-0.92514002
1322934773.66469383,0.07932762,0.11197307,-0.92849302
1322934773.71730137,0.07502006,0.10971285,-0.92578876
1322934773.76566529,0.07724110,0.10892203,-0.92512208
1322934773.81662178,0.07736851,0.10904858,-0.92524910
1322934773.86565542,0.07590482,0.11047359,-0.92681074
1322934773.91683793,0.07703224,0.10997309,-0.92847627
1322934773.96468782,0.07591884,0.10971259,-0.92667091
1322934774.01698232,0.07630005,0.11021878,-0.92705292
1322934774.06468511,0.07582066,0.11097071,-0.92588562
1322934774.11654592,0.07544125,0.10717813,-0.92587912
1322934774.16469240,0.07655790,0.11110321,-0.92717814
1322934774.21682572,0.07626186,0.10997331,-0.92772019
1322934774.26557589,0.07786296,0.10842015,-0.92614967
1322934774.31766582,0.07636944,0.11159575,-0.92572546
1322934774.36561346,0.07603832,0.10880502,-0.92479002
1322934774.41661596,0.07693798,0.10971382,-0.92781287
1322934774.46469021,0.07468187,0.11190160,-0.92889214
1322934774.51654100,0.07698232,0.10917526,-0.92487204
1322934774.56457448,0.07820124,0.11030028,-0.92481053
1322934774.61653399,0.07545254,0.11084117,-0.92523891
1322934774.66964865,0.07731132,0.11019699,-0.92606115
1322934774.71669555,0.07527281,0.10920801,-0.92617065
1322934774.76469851,0.07777769,0.11007948,-0.92736733
1322934774.81656384,0.07534413,0.10932074,-0.92496699
1322934774.86459637,0.07638638,0.10944395,-0.92570847
1322934774.91736197,0.07697112,0.10958110,-0.92727649
1322934774.96453595,0.07638738,0.10931737,-0.92570746
1322934775.01764655,0.07712173,0.10879396,-0.92486119
1322934775.06558537,0.07523064,0.10946885,-0.92684191
1322934775.11740685,0.07509537,0.10931928,-0.92458111
1322934775.16569591,0.07739549,0.10969987,-0.92698628
1322934775.21659660,0.07397077,0.10946462,-0.92518020
1322934775.26469994,0.07856222,0.11134041,-0.92773193
1322934775.31703067,0.07769147,0.10981868,-0.92657006
1322934775.36634374,0.07554355,0.10743586,-0.92640865
1322934775.41657352,0.07857940,0.11017513,-0.92532146
1322934775.46457529,0.07285894,0.10798901,-0.92803383
1322934775.51740623,0.07726318,0.11121729,-0.92673844
1322934775.56456709,0.07600830,0.11058018,-0.92507172
1322934775.61757278,0.07513537,0.10933616,-0.92617947
1322934775.66641760,0.07667527,0.11148443,-0.92744100
1322934775.71756244,0.07431976,0.10896588,-0.92622346
1322934775.76474524,0.07594892,0.10894851,-0.92626333
1322934775.81762648,0.07428756,0.10796095,-0.92688471
1322934775.86514401,0.07634129,0.11109559,-0.92625684
1322934775.91660976,0.07734130,0.11046855,-0.92779541
1322934775.96470046,0.07379217,0.10972703,-0.92585927
1322934776.01765704,0.07696120,0.10880015,-0.92527056
1322934776.06555510,0.07683059,0.11112461,-0.92943007
1322934776.11737680,0.07596705,0.10970336,-0.92586780
1322934776.16658783,0.07768742,0.10931391,-0.92669994
1322934776.22564721,0.07511625,0.10870789,-0.92657602
1322934776.26571774,0.07572241,0.11121774,-0.92522621
1322934776.31659436,0.07533579,0.10732470,-0.92762017
1322934776.36569428,0.07546724,0.10795600,-0.92761731
1322934776.41667247,0.07693592,0.10895590,-0.92794073
1322934776.46572948,0.07633810,0.10844210,-0.92663741
1322934776.51740479,0.07543421,0.10705309,-0.92601198
1322934776.56564426,0.07640444,0.10918771,-0.92543876
1322934776.61669874,0.07471406,0.10984873,-0.92634082
1322934776.66469216,0.07655983,0.10983898,-0.92730200
1322934776.71754718,0.07489372,0.11047082,-0.92553490
1322934776.76867056,0.07779164,0.10830741,-0.92735332
1322934776.81658626,0.07520454,0.10972662,-0.92724544
1322934776.86452794,0.07866950,0.11096526,-0.92825645
